id;river_full_name;river_dest;side;dest_from_end;length;watershed_area;10km_trib_amount;10km_trib_sum_len;lakes_amount;lakes_sum_area;table3_id;;;;;
Бассейн р. Бия;;;;;;;;;;;
1;Бия;Обь;(пр);3647;301;37000;170;313;2753;398;1-13
2;Юрток (Лев. Юрток);Бия;»;299;17;;39;52;;;
3;Пыжа;»;(лв);286;103;1180;404;607;35;1,54;14
4;Учал;Пыжа;»;74;33;;41;68;;;
5;Эвий;»;»;56;18;;76;90;;;
6;Турга;»;»;55;10;;24;40;;;
7;Еле;»;»;34;19;;48;60;;;
8;Кооно;»;(пр);20;11;;11;20;;;
9;Чуря;»;»;12;22;;15;26;;;
10;Кебезенка;Бия;»;278;16;;29;38;;;
11;Саракопша (Сары-Кокша);»;(лв);273;90;3150;33;96;115;3,73;15.16
12;Каракопша;Саракопша;(пр);42;49;;10;22;;;
13;Угул;Каракопша;»;38;16;;10;22;;;
14;Саганы;»;»;31;16;;5;21;;;
15;Угул;»;(лв);28;19;;6;11;;;
16;Кылай;»;»;25;18;;3;4;;;
17;Аргунду;»;»;20;12;;1;2;;;
18;Кузя (Бол. Кузя);Саракопша;(пр);36;31;;4;8;;;
19;Мал. Кузя;Кузя;»;14;17;;4;6;;;
20;Кульбич;»;»;12;14;;1;3;;;
21;Ынырга (Верх. Ынырга);Саракопша;(лв);28;20;;4;12;;;
22;Сейка;Ынырга;»;5;12;;4;6;;;17
22а;Синюха;Сейка;»;1;4;10;—;—;;;18
23;Юля;Саракопша;(пр);20;20;;6;18;;;
24;Уймень;Саракопша;(пр);12;98;1400;54;152;96;3,12;19
25;Верх. Ямбош;Уймень;»;80;13;;17;30;;;
26;Чевош;»;(лв);70;22;;19;54;;;
27;Балыкты (Балыксу) ;»;»;68;19;;8;26;;;
28;Кележе (Верх. Кележе);»;(пр);64;18;;30;44;;;
29;Куурсан;»;(лв);62;10;;2;7;;;
30;Ложа;»;»;56;30;;10;40;;;
31;Еле (Ель);»;(пр);56;16;;9;13;;;
32;Кайна;»;(лв);48;14;;2;2;;;
33;Ербута;»;(пр);48;13;;1;1;;;
34;Нырна;»;(лв);41;13;;3;7;;;
35;Юзели;протока р. Уймень;»;26;13;;1;2;;;
36;Часта;Уймень;(пр);17;10;;4;5;;;
37;Тулой;Бия;»;259;54;384;150;235;;;
38;Эдербес;Тулой;(лв);18;16;;65;94;;;
39;Кяраса;»;(пр);10;10;;13;13;;;
40;без названия;Бия;»;252;10;;12;25;;;
41;Бава;»;(лв);243;25;;10;33;;;
42;Чойка;Бава;(пр);1;14;;5;10;;;
43;Тандошка;Бия;»;238;42;209;56;110;;;
44;Тагаза;Тандошка;(лв);16;14;;9;11;;;
45;Лебедь;Бия;(пр);215;175;4500;196;400;12;0,94;20.21
46;Манык;Лебедь;»;148;14;;43;55;;;
47;Пушта;»;(лв);137;12;;16;32;;;
48;Каурчак;»;(пр);130;36;;71;122;;;
49;Мал. Каурчак;Каурчак;»;20;11;;16;23;;;
50;Арык;Мал. Каурчак;(лв);1;11;;9;18;;;
51;Андоба;Каурчак;(пр);2;14;;32;62;;;
52;Албас;Лебедь;(лв);124;11;;23;25;;;
53;Сандра;»;»;114;55;415;38;72;1;0,36;
.54;Тюстей;Сандра;(пр);38;11;;15;20;;;
55;Кок;»;(лв);30;13;;6;16;;;
56;Яман-Сандра;»;(пр);22;16;;24;38;;;
57;Каба;»;(лв);11;14;;3;4;;;
58;Атла;Лебедь;(пр);107;31;;54;94;;;
59;Чугуна;Атла;»;11;21;;29;46;;;
60;Чулта;Чугуна;»;3;18;;16;15;;;
61;Ата;Лебедь;»;92;28;;39;69;;;
62;Кучаган;Ата;(пр);13;14;;6;12;;;
63;Базла;Лебедь;(лв);86;22;;9;24;;;
64;Салазан;»;(пр);83;14;;7;10;;;
65;Тюлем;»;»;54;30;;38;84 ;;;
66;Байгол;»;(лв);51;85;1360;63;164;5;0,46;22.23
67;Билюзень;Байгол;(пр);59;12;;4;8;;;
68;Тогуна;»;»;48;17;;9;23;;;
69;Яндоч;Тогуна;(лв);7;11;;3;2;;;
70;Сайта;Байгол;»;46;28;;20;44;;;24
71;Шукша;»;»;42;12;;3;7;;;
72;Беля;»;(пр);30;11;;7;18;;;
73;Клык;»;(лв);17;60;599;50;104;1;0,07;25, 26
74;Бийка;Клык;(пр);42;12;;16;25;;;
75;Чуйка;»;(лв);14;35;;75;150;;;27
76;Аинка;Лебедь;»;42;18;;34;63;;;
77;Сия (Бол. Сия);»;(пр);22;46;;52;76;;;
78;Кам. Сия;Сия;»;33;11;;8;13;;;
79;Ушперек (Бол. Ушперек);»;»;27;11;;14;28;;;
80;Каяшкан;»;»;23;17;;32;60;;;
81;Куйган;Каяшкан;»;2;13;;15;24;;;
82;Горе;Сия;(лв);10;10;;5;6;;;
83;Кутюш;»;(пр);6;14;;17;32;;;
84;Салазан;Сия;(лв);5;10;;7;о;;;
85;Алемчир;Бия;(пр);210;10;;18;27;;;
86;Полыш;»;(лв);208;13;;2;2;;;
87;Ульмень;»;(пр);194;48;;113;205;;;
88;Личим (Бол. Личим);Ульмень;»;26;13;;17;32;;;
89;Курлем;»;(лв);6;11;;13;13;;;
90;Ушпа;Бия;(пр);190;24;214;33;54;;;
91;Талатарбак;Ушпа;(лв);16;10;;14;16;;;
92;Калтарак;»;(пр);12;12;;2;6;;;
93;Тибезя;Бия;(лв);180;39;;17;40;;;
94;Бол. Куют;»;(пр);166;33;223;8;37;;;
95;Мал. Куют;Бол.Куют;»;1;11;;5;16;;;
96;Балыкса (Камнчушка);Бия;(лв);163;31;;9;18;;;
97;Учурга;»;(пр);154;24;;15;37;;;
98;Кутенек;»;(лв);133;14;;—;—;;;
99;Кожа;»;»;129;63;4210;72;120;;;
100;Кожушка;Кожа;(пр);31;18;;24;35;;;
101;Богучак;»;(лв);19;17;;12;25;;;
102;Богучак;»;»;13;18;;—;—;;;
103;Чапчушка;Бия;»;120;22;;56;79;;;
104;Неня;»;(пр);92;185;2210;116;168;23;1,02;28
105;Тала;Неня;»;152;14;;40;46;;;
106;Излап;»;»;138;16;;11;18;;;
107;Каракол;»;(лв);134;16;;18;24;;;
108;Черняй;»;»;127;33;417;33;48;;;
109;без названия;Черняй;(пр);9;16;;35;37;;;
110;Ташта;»;(лв);8;14;;12;14;;;
111;Мунай (Мунайчнк);»;»;4;18;;16;25;;;
112;Тоузак;Мунай;(пр);3;15;;14;14;;;
113;Чулда;теряется;;—;24;;19;27;;;
114;Ушлеп;Чулда;(пр);6;21;;51;72;;;
115;Соза;Неня;(лв);108;22;72;26;43;;;
116;Уруна;»;(пр);102;47;246;41;72;6;0.3;
117;Болотное;Уруна;»;18;16;;6;6;;;
118;Солтонка;Неня;»;101;32;183;J7;31;;;29
119;Шаландайка;Солтонка;(лв);11;16;;1;1;;;
120;Кубия;теряется;;—;16;;12;12;;;
121;Караган;Неня;(пр);78;28;108;11;14;;;
122;без названия;Караган;(лв);8;14;;1;2;;;
123;Кубия;Неня;»;74;13;;2;2;;;
124;Казенная;»;»;64;10;;8;12;;;
125;Шалап;»;(пр);62;30;119;9;23;;;
126;без названия;Шалап;(лв);11;12;;1;2;;;
127;Карабашка;Неня;(пр);44;25;;9;20;;;
128;Чебалчиха (Чебашиха);»;»;10;11;;4;9;;;
129;Соусканиха;Бия;(лв);85;17;;27;43;;;
130;Талица;»;»;68;28;;8;18;;;
131;Тайлап;Талица;(пр);13;11;;3;6;;;
132;Бехтемир (Лев. Бехтемир);Бия;»;64;117;665;28;66;4;0.11;
133;Прав. Бехтемир;Бехтемир;»;66;20;88,0;9;14;;;
134;Илюшиха;»;»;48;13;40,0;1;1;;;
135;Шубинка;»;(лв);41;13;;6;7;;;
136;Козлачиха;»;»;18;14;;1;7;;;
137;Ойер;оз. Телецкое;;—;14;;33;42;;;
138;Камга;оз. Телецкое (зал. Камга);;—;23;;56;118;;;
139;Киште;оз. Телецкое;;—;11;;6;11;;;
140;Кокши;»;;;37;;33;100;;;
141;Дырях;Кокши;(лв);24;14;;7;15;;;
142;Кот-Агач;»;(пр);22;13;;17;30;;;
143;Тузак-Ту;»;(лв);10;14;;8;20;;;
144;без названия ;»;»;4;11;;5;6;;;
145;Челюш;оз. Телецкое;;—;13;;10;21;;;
146;Баскон;»;;—;13;;13;30;;;
147;Чири;оз. Телецкое (Кыгинский залив);;—;11;;9;16;;;
148;Кыга;»;;—;43;;61;130;;;
149;Туш-кем;Кыга;(пр);11;14;;12;29;;;
150;Кандаш;Туш-кем;(лв);5;13;;34;56;;;
151;Баяс;Кыга;»;3;11;;6;15;;;
152;Чулышман;оз. Телецкое;;—;241;16800;126;381;2361;160.8;30.31
;Малые притоки;оз. Джулу-Куль;;;;;30;65;;;
153;Макату;Чулышман;(лв);205;10;;12;7;;;
154;без названия;»;(пр);204;10;;—;—;;;
155;Туту-Оюк;»;»;201;19;;19;36;;;
156;Богояш;»;(лв);198;44;;57;102;;;
157;без названия;Богояш;(пр);40;13;;7;18;;;
;Малые притоки;оз. без названия №16 в бассейне р. Богояш;;;;;10;29;;;
158;без названия;Чулышман;(лв);197;13;;9;15;;;
159;без названия;»;»;195;12;;7;10;;;
160;Тепши-Оюк;»;(пр);188;14;;2;1;;;
;Малые притоки;оз.Яан-Куль;;;;;7;13;;;
161;Узун-Оюк;Чулышман;(пр);182;32;;27;50;;;
162;Хура;Узун-Оюк;(лв);15;13;;5;6;;;
163;Топчиха;»;(пр);8;14;;9;12;;;
164;Артыш;»;»;7;17;;5;4;;;
165;ручей Веселый;Артыш;»;8;10;;7;16;;;
166;Оин-Ору (Оикору);Узун-Оюк;(лв);3;26;;18;45;;;
167;без названия;Чулышман;(пр);172;10;;3;7;;;
168;Уанду;»;(лв);166;21;;6;19;;;
169;Салуру;Уанду;»;18;15;;6;12;;;
170;Ябалу;Чулышман;»;164;15;;—;—;;;
171;Муштуайры;Чулышман;(пр);161;11;;6;10;;;
172;Куганду (Кугандух);»;(лв);159;12;;3;7;;;
173;Садеуртем;»;(пр);153;19;;10;22;;;
174;Маярык (Манрык);»;(лв);152;15;;4;6;;;
175;Кара-Кем;»;»;145;30;;20;56;;;
176;Арой;Кара-Кем;»;12;13;;6;13;;;
177;Верх. Кулаш;Чулышман;(пр);143;22;;9;27;;;
178;Мал. Кара-Кем;;(лв);139;11;;—;_;;;
179;Верх. Тар-Тагай;»;»;135;20;;24;60;;;
180;Нижн. Тар-Тагай;»;»;133;17;;12;27;;;
181;Баыдыш;;(пр);132;15;;2;12;;;
182;Средний Кулаш;»;»;128;16;;9;26;;;
183;Еладу;»;(лв);124;15;;20;28;;;
184;Адулюгем;»;»;120;11;;12;11;;;
185;без названия;»;»;118;11;;1;2;;;
186;Нижи. Кулаш;Чулышман;(пр);116;19;;3;14;;;
187;Сукбак (Сунбик, Кара-Су);»;(лв) ;115;24;;6;13;;;
188;Шавла (Онгураш, Сай-Гоныш);»;(пр);107;67;1610;46;107;207;23,2;
189;Ташту-ойре;Сай-Гоныш;»;43;20;;22;44;;;
190;Мейду-Хем;Онгураш;(лв) ;27;26;;36;77;;;
191;Турген-су;Мейду-Хем;»;4;13;;4;6;;;
192;Кызыл-Кочко;Шавла;(пр);25;26;;26;56;;;
193;Боошкон;Кызыл-Кочко;»;9;19;;9;27;;;
194;без названия;Боошкон;(пр);3;10;;6;5;;;
;Малые притоки оз. без названия в бассейне р. Боошкон;;;;;;10;10;;;
195;Чакрым (Суу-Катар);Шавла;(пр);4;20;;14;40;;;
196;Кара-Изюк;Чакрым;(лв);11;26;;27;64;;;
197;Бол. Караколь (Бол. Каракуль);оз. Эри-коль;;—;11;;4;6;;;
198;Кюндундук-Су;оз. Эри-коль;;—;11;;3;3;;;
199;Узун-Кара-су;»;(пр);—;20;;12;25;;;
200;Айрай-су;Узун-Кара-су;»;5;10;;10;16;;;
201;Мейрык-су;;»;3;14;;8;18;;;
;Малые притоки оз. Эриколь;;;;;;3;10;;;
202;Ак-су;Чулышман;»;104;12;;4;12;;;
203;Юл;»;»;103;13;;5;7;;;
204;Тайбулку;»;(лв);83;16;;3;4;;;
205;Куркуре (Бол. Куркуре);»;(пр);78;23;;11;38;;;
206;Мал. Куркуре;Куркуре;»;6;13;;3;5;;;
;Малые притоки оз. Дери-Куль);;;;;;7;19;;;
207;без названия;Чулышман;(пр);69;10;;3;10;;;
208;Чульча;»;»;47;72;2350;46;138;330;23,5;
209;без названия;Чульча;»;70;13;;11;27;;;
210;Тайсын;»;(лв);69;16;;6;12;;;
211;Поодай;»;(пр);62;14;;6;15;;;
212;Карагем;»;(лв);60;28;;22;45;;;
213;Самыш;»;»;56;10;;—;—;;;
214;Яхан-Сору (Сорулугол);»;»;55;44;;53;109;;;
215;без названия;Яхан-Сору;(пр);25;11;;8;23;;;
216;Сайгоныш;Чульча;»;51;17;;7;18;;;
217;Анду-су;Чульча;(лв);46;13;;6;12;;;
218;Кюнтюштук-су;»;»;40;16;;3;12;;;
219;без названия;Кюнтюштук-су;»;12;11;;7;12;;;
220;без названия;»;»;4;11;;2;2;;;
221;без названия;Чульча;»;35;10;;—;—;;;
222;без названия;Чульча;(лв);35;14;;3;5;;;
223;Сургязи (Эльденгаш);»;(пр);27;25;;16;39;;;
224;без названия;»;(лв);26;12;;—;—;;;
225;без названия;»;»;22;14;;6;20;;;
226;Сундрук;»;(пр);16;10;;11;12;;;
227;без названия;»;(лв);10;14;;5;14;;;
228;Казактушкен;Чульча;(пр);4;11;;7;13;;;
229;Итыкультын-Бажи;оз. Иты-Куль;;—;24;;56;121;;;
230;Кумый;»;»;;22;;19;56;;;
;Малые притоки оз.Узун-Куль;;;;;;3;3;;;
;Малые притоки оз. Иты-Куль;;;;;;18;40;;;
231;Карасу;Чулышман;(пр);44;11;;3;6;;;
232;Коо;»;(лв);38;11;;6;12;;;
233;Башкаус;»;»;22;219;7770;92;304;405;32,1;32
234;Токпак;Башкаус;»;180;21;;2;2;;;
235;Токпак;Токпак;(пр);8;12;;5;8;;;
236;Калбакая;Башкаус;(пр);178;47;;23;52;;;
237;без названия;Калбакая;»;29;12;;5;6;;;
238;без названия;»;(лв);23;12;;2;3;;;
239;Узун-Оюк;Башкаус;»;171;25;;2;5;;;
240;Мад. Кокури;Узун-Оюк;(пр);6;13;;3;8;;;
241;без названия;»;(лв);3;11;;1;1;;;
242;Кумурлу;Башкаус;(пр);166;33;;22;51;;;
243;Каялу;Кумурлу;»;14;16;;7;18;;;
244;Салжек (Солмек);Башкаус;(лв);162;13;;3;5;;;
245;без названия;»;(пр);157;15;;10;21;;;
246;Ильдугем;»;(лв);150;28;;17;54;;;
247;без названия;Ильдугем;»;14;11;;4;9;;;
248;Артлаш (Артлош);Башкаус;(пр);149;30;;39;85;;;
249;Иолду;Башкаус;(пр);137;24;;20;40;;;
250;Ильдугем;»;(лв);137;35;;14;34;;;
‘251;без названия;Ильдугем;(пр);13;13;;5;18;;;
252;Верх. Ясатер;»;(лв);9;20;;10;26;;;
253;Ясатер;»;»;6;13;;8;11;;;
254;Кара-Тош;Башкаус;(пр);131;20;;11;33;;;
255;Саратан;»;»;122;20;;6;20;;;
256;без названия;Саратан;(лв);12;12;;3;11;;;
257;без названия;»;»;6;14;;1;1;;;
258;Атуркол;Башкаус;(пр);114;14;;10;31;;;
259;Рахомысты;»;(лв);112;26;;21;60;;;
260;Келескелу;»;»;108;20;;13;35;;;
261;Сорулу;»;»;107;11;;—;—;;;
262;Мал. Улаган;»;(пр);95;19;;4;17;;;
263;Колдинголь;Мал. Улаган;»;7;12;;—;—;;;
264;Бол. Улаган;Башкаус;»;90;54;660;15;39;40;7,84;
265;Балыктуюль;Бол. Улаган;»;15;16;;6;16;;;
266;Кубадру;Башкаус;(лв);85;43;;24;55;;;
267;без названия;Кубадру;»;29;12;;11;25;;;
268;Кысхыштубек;»;»;12;23;;10;21;;;
269;Сары-Ачек;»;»;10;17;;9;20;;;
270;Кара-Кудюр;Башкаус;»;77;39;;17;64;;;
271;Чаготор;Кара-Кудюр;»;16;11;;5;13;;;
;Малые притоки оз.Сару-лу-Коль;;;;;;6;22;;;
272;Ян-Паспарта;Башкаус;(пр);63;16;;12;30;;;
273;Аспатты;»;(лв);54;28;;18;51;;;
274;Джундук;»;»;51;15;;10;26;;;
275;Тускуль;»;»;42;25;;18;45;;;
276;без названия;Тускуль;(пр);15;11;;5;10;;;
277;без названия;»;»;13;12;;3;3;;;
278;без названия;без названия №277;(лв);1;10;;1;3;;;
279;Оныш;Башкаус;(пр);35;32;;23;58;;;
280;Кузери;Оныш;(лв);4;15;;9;16;;;
281;Казылгах;Башкаус;(пр);27;11;;4;10;;;
282;Огозо;»;(лв);25;11;;11;26;;;
283;Коволдут;»;(пр);19;13;;1;1;;;
284;Караева (Караеза);»;(лв);18;17;;8;14;;;
285;Чебдар;»;»;8;50;902;39;107;72;2,34;
286;Уйкарташ;Чебдар;»;20;27;;33;90;;;
287;Тайтыин;»;(пр);19;19;;13;43;;;
288;без названия;»;(лв);18;20;;15;44;;;
289;Караган;»;»;4;19;;8;18;;;
290;Кайру;Чулышман;(пр);13;31;;16;38;;;
291;Ачелман;»;(лв);7;12;;2;6;;;
292;Пожа (Божа);Ачелман;»;2;10;;9;14;;;
293;Бол. Чили;оз. Телецкое;;—;48;;102;148;;;
294;Талдокуль;Бол. Чили;(пр);35;12;;6;9;;;
295;Мал. Чили;»;(лв);15;11;;31;29;;;
296;Энмис;»;(пр);12;14;;11;14;;;
297;без названия;»;»;7;12;;5;13;;;
298;Мал. Чили (Арча);оз. Телецкое;;—;19;;45;67;;;
299;Колдор;оз. Телецкое;;—;23;;50;82;;;
300;Ижун;Колдор;(пр);9;11;;39;40;;;
301;Самыш;оз. Телецкое;;—;30;;129;120;;;
302;Лев. Самыш;Самыш;(лв);210;11;;34;25;;;
303;Иогач (Бол. Тулгуль) ;оз. Телецкое;;—;34;;172;174;;;
;Малые притоки оз. Телецкого;;;;;;115;204;;;
;Малые водотоки бессточных впадин в бассейне р. Бия;;;;;;60;80;;;
Бассейн р. Катуни;;;;;;;;;;;
304;Катунь;Обь;(лв);3647;688;60900;254;708;2649;137;33-49
305;Капчал;Катунь;(пр);680;11;;9;15;;;
306;Узун-Карасу;»;»;657;14;;7;15;;;
307;Ускучевка;»;(лв);651;12;;—;—;;;
308;Верх. Кураган;»;(пр);648;24;;15;42;;;
309;Быстрая;»;»;642;20;;30;58;;;
310;Сакалсу;Быстрая;(лв);1;19;;10;17;;;
311;Суетка;Катунь;»;641;17;;15;28;;;
312;Огневка;»;»;629;18;;21;35;;;
313;Зайчиха;»;(пр);606;23;;20;33;;;
314;Озерная;»;»;600;22;;32;54;;;
315;без названия;Озерная;(лв);14;16;;26;53;;;
316;Медвежья;»;»;5;14;;24;36;;;
;Малые притоки;оз. Тальмень;;;;;19;53;;;
317;Тихая;Катунь;(лв);596;43;;40;74;;;
318;Тополевка;Тихая;(пр);29;20;;16;39;;;
319;Толкуша;Тополевка;(лв);4;13;;19;28;;;
320;Таловочка;Тихая;»;16;12;;9;14;;;
321;без названия;Катунь;(пр);587;12;;13;14;;;
322;Тихая (Большая);»;»;583;27;;29;56;;;
323;Луковка (Ауковка);»;»;578;10;;11;28;;;
324;Зеленка (Красненькая Зеленка);»;(лв);576;36;;39;71;;;
325;Татарка;Зеленка;»;26;13;;3;9;;;
326;Маралиха;»;»;24;15;;11;35;;;
327;Громотуха.;Маралиха;(пр);24;11;;4;12;;;
328;без названия;Зеленка;(лв);7;12;;4;11;;;
329;Быструха;Катунь;»;563;29;;18;62;;;
330;Проездная Быструха;Быструха;(пр);12;13;;5;11;;;
331;Собачья;Катунь;»;556;22;;39;75;;;
332;Собачья Тихая;Собачья;»;7;13;;8;14;;;
333;Бирюкса (Быстрая Бирюкса);Катунь;(лв);548;44;;22;56;;;
334;Красная Бирюкса;Бирюкса;»;28;14;;3;11;;;
335;Тихая Бирюкса;»;(пр);25;23;;12;36;;;
336;Быстрая Бирюкса;»;»;20;28;;35;82;;;
337;Чудиловка;»;»;14;12;;2;7;;;
338;Михайловка;»;»;13;12;;4;9;;;
339;Сухая;»;»;6;13;;5;10;;;
340;Зайченок;Катунь;»;546;17;;14;29;;;
341;Бол. Сугаш;»;»;528;23;;17;39;;;
342;Кайтанак;»;(лв);524;24;;13;29;;;
343;Прямой Кайтанак;Кайтанак;(пр);8;11;;—;—;;;
344;Мал. Сугаш;Катунь;»;522;16;;2;11;;;
345;ручей Голодаево;»;(лв);510;12;;2;3;;;
346;Кокса (Хайдун);»;»;502;179;5600;77;218;145;2,29;50 ,51
347;без названия;Кокса (Хайдун);»;163;12;;9;16;;;
348;Коксочка;»;»;139;28;;38;70;;;
349;Ночная;Кокса;»;131;38;;35;97;;;
350;Талкаш;Ночная;(пр);22;14;;9;15;;;
351;Ламаниха;Ночная;(пр);19;10;;6;8;;;
352;Шельдян (Бол. Шельдян);»;(лв);10;14;;9;16;;;
353;Мал. Шельдян;Шельдян;(пр);4;12;;7;18;;;
354;Татарка;Кокса;(лв);128;28;;11;29;;;
355;Бол. Улучжай;»;»;115;27;;7;22;;;
356;Мал. Улучжай;Бол. Улучжай;(пр);8;15;;4;15;;;
357;Таловка;Кокса;(лв);110;11;;1;2;;;
358;Карагай (Бол. Карагай);»;(пр);97;51;462;38;95;8;0.08;
359;Мал. Карагай;Карагай;(лв);33;13;;10;21;;;
360;Ярлык;»;(пр);13;11;;5;12;;;
361;без названия;»;»;4;11;;5;И;;;
362;Банная;Кокса;»;79;36;;16;47;;;
363;Быстрая;Банная;»;17;13;;10;30;;;
364;Бол. Колбина;»;(лв);17;13;;8;19;;;
365;Черная;»;(пр);15;18;;10;20;;;
366;без названия;»;(лв);6;15;;5;11;;;
367;Сарычмень;Кокса;(пр);59;18;;5;11;;;52
368;Абай;Кокса;(лв);55;51;782;14;34;;;
369;Турулу;Абай;»;39;14;;1;4;;;
370;Ак-Карасу;»;»;36;10;;—;—;;;
371;Сугаш;»;»;31;17;;2;1;;;
372;Делдсугаш;Сугаш;»;13;18;;5;15;;;
373;Черный Сугаш;»;»;6;21;;7;33;;;
374;Камдый;»;(пр);3;12;;6;18;;;
375;Талда;Абай;(лв);13;13;;2;9;;;
376;протока Урмалык;»;(пр);8;17;;;;;;
377;без названия;теряется;—;—;15;;2;6;;;
378;Уила;Кокса;(лв);53;19;;8;21;;;
379;Юстик;»;»;44;32;;19;47;;;
380;Красноярка;»;(пр);33;49;;43;135;;;
381;Меновная;Красноярка;»;23;14;;7;12;;;
382;Барычмень;»;(лв);20;10;;2;11;;;
383;Тюдет;Кокса;(пр);36;16;;8;21;;;
384;Тюгурюк (Аксаз);»;(лв);24;62;812;43;119;71;0.89;
385;Маргала;Тюгурюк;»;33;30;;10;32;;;
386;Бол. Булухта;»;(пр);29;11;;9;20;;;
387;Бол. Карыгем;»;(лв);16;19;;15;48;;;
388;Мал. Карыгем;»;;9;14;;4;6;;;
389;протока без названия;Катунь;(лв);493;13;;;;;;
389а;Башталинка;»;;492;8;72;;;;;
390;Кастахта;»;»;490;26;149;23;49;;;
391;без названия;»;(пр);487;11;;2;4;;;
392;Бол. Окол;»;»;485;20;;9;24;;;
393;без названия;Бол. Окол;(лв);4;11;;—;—;;;
394;Бол. Терехта (Терехта);Катунь;»;475;39;438;40;103;;;53
395;Черная Терехта;Бол. Терехта;(пр);21;18;;20;60;;;
396;Терехтушка;»;(лв);13;13;;3;5;;;
397;Чиндек;Катунь;(лв);474;23;;9;20;;;
398;Мульта;Катунь;(пр);470;39;;22;66;;;
399;Крепкая;Мульта;(лв);22;12;;—;—;;;
400;Проездная Мульта;Крепкая;»;2;10;;2;3;;;
401;Куйчук;Мульта;(пр);21;10;;—;—;;;
402;Маргала;Катунь;(лв);467;15;;11;20;;;
403;Акчан;»;(пр);458;25;;4;12;;;
404;Верх. Котанда;»;(лв);444;31;;38;74;;;54
405;Нижн. Котанда;»;»;444;27;;19;45;;;
406;Кураган (Иолдо);»;(пр);442;51;648;45;126;107;5.44;55
407;без названия;Кураган;(лв);36;13;;7;14;;;
408;Караайры;Кураган;»;32;13;;16;29;;;
409;Тюнгур;Катунь;»;428;11;;—;—;;;
410;Кучерла (Кочурла);»;(пр);427;50;635;31;82;46;5.06;56.57
411;Тегеек;Кучерла;(лв);32;11;;3;8;;;
412;Бол. Калагаш;»;»;16;21;;2;3;;;
413;Мал. Калагаш;Бол. Калагаш;(пр);5;14;;3;6;;;
414;Едыкочка;Катунь;(лв);420;11;;2;2;;;
415;Турунда;»;»;412;18;;24;45;;;
416;Аккем;»;(пр);407;36;454;23;58;;;58
417;Текелю;Аккем;»;22;13;;4;6;;;
418;Араскан (Мал. Араскан);»;»;15;13;;7;21;;;
419;Берткем;Катунь;(пр);400;14;;8;16;;;
420;Казнахта;»;(лв);393;15;;21;40;;;
421;Аргут (Ак-Алаха);»;(пр);390;232;9550;170;399;950;54.69;59-62
422;Укок;Аргут (Ак-Алаха);(лв);217;18;;7;12;;;
;Малые притоки оз. Белое;;;;;;3;9;;;
423;Бетсуканас;Аргут (Ак-Алаха);(пр);214;22;;11;42;;;
424;Карабулак (Кара-Булак);»;(лв);200;24;;17;35;;;
425;без названия;»;(пр);193;11;804;4;9;;;
426;Калгуты;»;»;174;53;;17;60;68;7.08;
427;без названия;Калгуты;(лв);43;10;;6;18;;;
428;Аргамджи (Аргамжи);»;»;35;11;;9;18;;;
429;Аргамджи (Аргамжи);»;(пр);27;10;;9;18;;;
430;Ущ. Кара-Чад (Ущ. Карашад);»;(лв);14;28;;6;18;;;
431;Аргамджи (Аргамжи);Ущ. Кара-Чад;(пр);5;21;;6;12;;;
432;Аргамджи (Аргамжи);Аргамджи № 431;(лв);6;13;;2;1;;;
433;без названия;оз. Гусиное;—;—;10;;—;—;;;
434;Кальджпн (Кальжин);Аргут (Ак-Алаха);(лв);62;16;;4;7;;;
;Малые притоки оз. Кальджин_Куль-Бас;;;;;;10;22;;;
;Малые притоки оз. Кальджин-Куль;;;;;;2;3;;;
435;Ак-Кол;Аргут (Ак-Алаха);(пр);167;28;;20;72;;;
436;без названия;Ак-Кол;»;14;17;;5;16;;;
437;Кара-Булак;Аргут (Ак-Алаха);»;166;15;;8;27;;;
438;Жанжикуль;»;(лв);150;11;;5;10;;;
439;Зунгунгуй;»;(пр);139;10;;10;19;;;
440;Караалаха;»;(лв);133;33;;29;86;;;
441;без названия;Караалаха;»;23;11;;11;17;;;
442;без названия;»;(пр);17;11;;10;26;;;
;Малые притоки оз. Алахинское;э;;;;;4;16;;;
443;Байджигит (Байжигит);Аргут (Ак-Алаха);(пр);122;12;;13;23;;;
444;Жасатер (Усай);Аргут;»;106;102;1 820;43;136;126;11.41;63
;Малые притоки оз. Зерлю-Куль;;;;;;3;6;;;
445;Аюуту;Жасатер;(пр);71;12;;8;17;;;
446;Тара;»;»;61;29;;14;36;;;
447;Катал;»;(лв);58;12;;1;3;;;
448;Чикты;»;(пр);47;11;;5;9;;;
449;Аржан;»;»;45;12;;6;18;;;
450;Жумалы;»;(лв);44;34;;29;73;;;
451;Садакбай;Жумалы;»;13;13;;8;12;;;
452;Кук-Кара гай;Жасатер;(пр);37;12;;5;7;;;
453;Тангыт (Ак-Карасу);»;»;30;14;;8;17;;;
454;Ильдегем;»;(лв);25;17;;5;8;;;
455;без названия;Ильдегем;(пр);4;10;;7;16;;;
456;Узургу;Жасатер;»;18;14;;1;3;;;
457;Тюнь;»;»;14;17;;9;21;;;
458;Узунгур;Тюнь;(лв);1;14;;6;11;;;
459;Судобай;Жасатер;»;9;13;;5;12;;;
460;без названия;»;(пр);1;14;;4;21;;;
461;Бара;Аргут;»;102;17;;6;18;;;
462;без названия;Бара;(лв);6;11;;8;13;;;
463;Коксу;Аргут;»;90;59;1 080;24;83;108;3.59;
464;Игнатиха;Коксу;(пр);45;10;;1;2;;;
465;Орочаган;»;(лв);41;20;;36;67;;;
466;Звончиха;Коксу;(пр);37;16;;6;12;;;
467;без названия;»;»;32;12;;2;3;;;
468;Кошбулак;»;(лв);27;15;;17;28;;;
469;Акбулак;»;»;20;17;;9;30;;;
470;Кужурту-Булак;»;(пр);19;15;;15;34;;;
471;без названия;Кужурту-Булак;(лв);1;10;;3;2;;;
472;Дирентай;Коксу;(лв);8;14;;8;16;;;
473;без названия;»;(пр);3;17;;—;—;;;
474;Карасу;Аргут;»;82;11;;—;—;;;
475;Карагем;»;»;77;50;780;74;183;27;1.22;
476;Карагем;Карагем № 475;»;50;10;;11;19;;;
477;Иондоайры;»;(лв);40;13;;8;14;;;
478;без названия;Иоидоайры;»;2;11;;3;3;;;
479;Камрю;Карагем № 475;(пр);32;11;;6;14;;;
480;Караайры;»;(лв);29;15;;2;1;;;
481;Караайры;Караайры № 480;(пр);12;12;;2;6;;;
482;Куркуре;Аргут;(лв);68;11;;1;1;;;
483;Кулагаш;»;»;57;19;;7;15;;;
484;Иедыгем;»;»;52;26;;23;55;;;
485;Бартулдак;»;»;46;14;;5;10;;;
486;Юнгур;»;(пр);44;36;;60;113;;;
487;без названия;Юнгур;(лв);28;15;;24;41;;;
488;Куранду;»;(пр);22;13;;18;27;;;
489;Кара-Оюк;»;(лв);20;11;;17;29;;;
490;Чибит;»;»;8;14;;12;23;;;
491;Коир (Караайры);Аргут;»;37;22;;18;44;;;
492;Балтыргам (Караайры);Коир;»;14;10;;4;12;;;
493;Сулуайры;»;(пр);12;14;;15;29;;;
494;Ело;Аргут;(лв);30;14;;2;4;;;
495;Шавла;»;(пр);22;58;882;89;187;53;2.13;
496;Егитык-Коль;Шавла;»;40;14;;26;46;;;
497;без названия;Егитык-Коль;»;7;12;;7;11;;;
498;Кмургул-Оюк;Шавла;(лв);35;12;;6;10;;;
499;Кара-Коль (Баксара);»;(пр);27;17;;11;21;;;
500;Сайлюгем;»;(лв);18;11;;32;49;;;
501;Ачик;»;(пр);17;19;;9;24;;;
502;Сайлюгем;Шавла;(пр);2;14;;9;24;;;
503;Етугол (Танклу-Карасу);Аргут;(лв);18;10;;2;4;;;
504;Сата-Кулар;»;(пр);3;10;;3;9;;;
505;Эбелю;Катунь;»;383;18;;26;53;;;
506;Верх. Инегень;»;(лв);377;13;;3;6;;;
507;Теребеты;»;(пр);374;13;;—;—;;;
508;Нижн. Инегень;»;(лв);373;17;;5;15;;;
509;Чуя (Юстыд, Богуты);»;(пр);367;320;11200;125;286;711;37.87;64-68
510;Богуты;Чуя (Богуты);(лв);305;16;;3;6;;;
511;Ористы;»;(пр);291;11;;4;4;;;
512;Чаган гол (Шагангол) ;»;»;283;11;;2;4;;;
;Малые притоки оз. Кындыкты-Куль;;;;;;6;23;;;
513;Ташанта;Чуя (Юстыд);(лв);264;35;;15;45;;;
514;Уландрык;»;»;262;43;;17;52;;;
515;Ташто-Гобо;Уландрык;(пр);29;15;;7;10;;;
516;Падь Бол. Сар-Гобо;»;»;15;13;;2;3;;;
517;Бол. Шибеты;»;(лв);13;27;;20;42;;;
518;Аксай;Бол. Шибеты ;»;11;18;;20;33;;;
519;Бураты;теряется ;;—;15;;13;18;;;
520;Бар-Бургазы;Чуя (Юстыд);(пр);252;50;493;12;36;38;0.58;69
521;Караоюк;Барбургазы;(лв);39;12;;3;10;;;
522;Корумту;»;(пр);33;14;;4;11;;;
523;Куруузек;»;»;26;26;;18;36;;;
524;Кольдуек;»;»;20;15;;7;25;;;
525;протока Кара-Су;Чуя;»;226;14;;;;;;
526;Кызыл-Шин (Кош-Тал, Бугузун, Коштал);»;»;217;79;1560;23;53;94;4.54;70
527;Карагай;Кызыл-шин (Бугузун);(пр);60;17;;13;32;;;
528;Юленжулар;Карагай;(лв);8;12;;—;—;;;
529;Янтал;»;»;4;19;;16;34;;;
530;Буйлюкем;Кызыл-Шин (Бугузун);(пр);49;33;;3;2;;;
531;Сайлюгем;»;(лв);43;14;;3;10;;;
532;Кокури;»;(пр);35;34;;4;10;;;
533;Узунтытыгем;Кокури;(лв);5;33;;11;36;;;
534;Камтытыгем;Узунтытыгем;(пр);1;23;;12;32;;;
535;Тархата;Чуя;(лв);207;83;1700;29;70;90;3,62;
536;Курок;Тархата;(пр);72;17;;10;12;;;
537;без названия;Курок;(лв);6;12;;13;27;;;
538;Казаныгир;Тархата;(пр);64;27;;29;50;;;
539;без названия;Казаныгир;»;2;15;;9;18;;;
540;Чаган-Бургазы (Шагай-бургазы);Тархата;»;14;51;565;47;95;6;0,06;71
541;Баян-Чаган (Баяншаган);Чаган-Бургазы;(лв);44;17;;22;54;;;
542;Саржематы;»;»;42;21;;17;40;;;
543;без названия;»;(пр);16;15;;1;2;;;
544;Протока Дженишке-Тала;Тархата;»;4;39;;;;;;
545;Курлей;протока Дженишке-Тал;(лв);23;11;;2;4;;;
546;Ортолык;»;(лв);11;11;;—;—;;;
547;Кок-Узек;Чуя;(лв);195;55;710;16;40;22;0,82;72
548;Себыстей;Кокузек;»;24;31;;4;7;;;
549;Ирбисту;»;»;10;46;;14;36;;;
550;Язъек;Ирбисту;(пр).;19;12;;4;6;;;
551;Елангаш;Чуя;(лв);193;55;349;19;48;37;3,49;
552;Чаган-Узун (Шаган-узун, Шагану,Талдура, Талду);»;»;171;65;1170;5;24;;;
553;Джело;Чаган-Узун;(лв);47;17;;8;17;;;
554;Имэне;»;(пр);36;12;;5;5;;;
555;Кызкынор;»;(лв);30;26;;9;20;;;
556;Чаган (Шаган, Кара-Оюк);»;(пр);25;40;340;7;14;;;73
557;Ак-Куль;Чаган;(пр);21;17;;6;21;;;
558;Кызыл-Чин (Кара-Айры);Чаган-Узун;(лв);3;20;;2;14;;;
559;Аргайры;Кызыл-Чин;(пр);16;15;;6;16;;;
560;Тыдтугем;Чуя;»;147;15;;2;10;;;
561;Балтырган;»;(лв);137;12;;1;1;;;
562;Тюте;»;»;125;30;;9;24;;;
563;Ак-Туру (Актру);Чуя;»;122;23;;3;14;;;74
564;Кукурек;Ак-Туру;»;6;15;;2;12;;;
565;Кызыл-Таш;Чуя;(пр);122;24;;1;6;;;
566;Курай;Кызыл-Таш;»;7;21;;4;9;;;
567;Арталук;»;»;3;15;;1;2;;;
568;Таджилу (Тажилу) .;Чуя;»;115;16;;1;3;;;
569;без названия;»;»;105;10;;—;—;;;
570;Маша-Юл;»;(лв);94;22;;17;48;;;
571;Чибитка;»;(пр);77;39;;12;34;;;75.76
571а;Белая;Чибитка;(лв);12;10;;2;6;;;77.78
572;Ярлы-Амры;Белая;»;0,5;13;;3;9;;;79
572а;Мюэнь;Чибитка;»;6;10;;—;—;;;80
573;Сардыма;Чуя;(пр);76;13;;4;7;;;
574;Бегельбаш;»;»;72;15;;29;47;;;
575;Кара-Су;»;(лв);68;13;;9;16;;;
576;Ярбалык;»;(пр);60;17;;12;19;;;
577;Эстула;»;(лв);58;14;;5;8;;;
578;Айгулак;»;(пр);56;22;;70;116;;;
579;без названия;»;»;43;11;;6;13;;;
580;Сар-Чульджук (Сарчульжук);»;(лв);39;13;;11;23;;;
581;без названия;»;(пр);34;11;;9;20;;;
582;без названия;»;(лв);32;11;;6;9;;;
583;Атакты;Чуя;(лв);15;13;;6;12;;;
584;Иня;Катунь;(пр);357;49;355;28;65;;;
585;Кара-Узек;Иня;»;27;10;;5;5;;;
586;Карагык;Иня;(пр);23;10;;2;6;;;
587;Нижн. Карасу;»;»;6;12;;—;—;;;
588;Мал. Яломан;Катунь;(лв);348;31;;8;34;;;
589;Межручол;Мал. Яломан;(пр);22;13;;14;34;;;
590;Бол. Яломан;Катунь;(лв);343;42;;22;58;;;
591;Яломан;Бол. Яломан;(пр);12;21;;7;25;;;
592;без названия;Яломан;(лв);13;11;;2;7;;;
593;Карасу;Катунь;»;333;11;;3;3;;;
594;Бол. Ильгумень;»;»;330;53;396;24;60;5;0.23;
595;Купчегень;Бол. Ильгумень;(пр);8;10;;2;3;;;
596;Айлагуш (Эйлягуш);Катунь;»;325;56;347;33;83;;;81
597;Кадрин;»;»;324;95;1820;67;154;64;2.75;
598;Есконго;Кадрин;(лв);85;16;;11;17;;;
599;без названия;»;(пр);70;14;;7;17;;;
600;Улусук;»;»;60;34;;16;55;;;
601;Курусай;Улусук;»;12;13;;3;6;;;
602;Тайозен (Тойозен);»;(лв);2;26;;10;25;;;
603;Шараш;Тайозен;»;5;10;;1;3;;;
604;Ачин;Кадрин;(пр);52;14;;8;20;;;
605;Сугары;»;(лв);47;25;;30;52;;;
606;Одунсук;»;(пр);45;20;;7;20;;;
607;Чулекташ (Шулекташ);»;(лв);42;32;;68;126;;;
608;Улюстон;»;»;26;11;;10;18;;;
609;Тузак;»;(пр);21;19;;8;26;;;
610;без названия;»;(лв);18;11;;5;8;;;
611;Урсул (Ело, Бол. Аргем);Катунь;»;298;119;3710;19;75;37;1.74;82
612;Угар;Урсул (Ело);(пр);114;20;;11;21;;;
613;Тархата;»;»;105;14;;2;9;;;
614;Табатай;»;(лв);89;24;;5;25;;;
615;Балхашту;Табатай;(пр);18;10;;3;6;;;
616;Каерлык;Урсул;(пр);86;32;;9;29;;;
617;без названия;Каерлык;»;21;11;;3;7;;;
618;без названия;без названия № 617;»;2;13;;4;5;;;
619;Телюбай;Каерлык;(лв);7;10;;4;12;;;
620;Улету;»;»;7;14;;—;—;;;
621;Семисарт;»;(пр);6;16;;6;23;;;
622;Теньга;Урсул;»;74;20;;6;29;;;
623;Нижн. Булундык;Теньга;(лв);6;11;;—;—;;;
624;Талда;Урсул;(пр);65;15;;1;4;;;
625;Шибелик;»;»;64;12;;7;16;;;
626;Туэкта;»;(лв);59;30;;8;22;;;
627;Каракол;»;(пр);50;42;;22;64;;;
628;Акем;Каракол;»;26;12;;3;10;;;
629;Арыгем;»;(лв);8;33;;12;36;;;
630;Верх. Кулада;Арыгем;»;8;10;;1;7;;;
631;Курата;Урсул;»;45;55;568;18;66;5;0.23;
632;Куратенок;Курата;(пр);28;14;;6;20;;;
633;Башлан;»;(лв);7;18;;5;18;;;
634;Шашикман;Урсул;»;40;15;;1;3;;;
635;Шибелик;»;(пр);39;17;;5;10;;;
636;Талды;»;(лв);30;11;;1;4;;;
637;Улюта;»;(пр);24;25;;1;2;;;
638;Мал. Ильгумень;»;»;17;36;;13;28;;;
639;Бол. Сумульта (Кызылтобрак);Катунь;»;296;76;2300;45;146;79;1.51;
640;Куруткан;Бол. Сумульта;(лв);59;13;;4;10;;;
641;Аксаызкан (Аксаазкан);»;(пр);57;28;;24;65;;;
642;Карасаазкан;Акасаызакан;(лв);7;23;;14;37;;;
643;без названия;Карасаазакан;(пр);7;12;;13;30;;;
644;Чибит;Бол. Сумульта;(лв);54;20;;15;40;;;
645;Канай;»;(лв);50;13;;5;8;;;
646;Каамга;»;(пр);42;27;;33;92;;;
647;Карасу;Каамга;(лв);16;12;;11;24;;;
648;без названия;Бол. Сумульта;»;31;10;;8;27;;;
649;Мал. Сумульта;»;(пр.);22;56;728;43;134;34;0,54;
650;без названия;Мал. Сумульта;»;46;10;;11;30;;;
651;без названия;»;»;33;18;;5;15;;;
652;Верх. Куртучак;Мал. Сумульта;(лв);26;10;;4;8;;;
653;Алес;»;(пр);15;18;;12;36;;;
654;Евелю;»;»;13;14;;5;12;;;
655;Балтырган (Мештукол);Бол. Сумульта;(лв);16;24;;18;53;;;
656;Карасу;Балтырган;»;9;12;;3;15;;;
657;Каянча;Катунь;»;288;15;;5;8;;;
658;Кайтыгем;»;(пр);277;13;;2;1;;;
659;Бол. Аяда;»;(лв);272;13;;3;5;;;
660;Улюта ;»;»;265;13;;2;5;;;
661;Бельтертуюк;»;(пр);264;10;;2;4;;;
662;Саралу;»;(лв);262;16;;1;3;;;
663;Ннжн. Куюс ;»;(пр);255;11;;1;2;;;
664;Агайры;»;(лв);247;13;;7;17;;;
665;Едиган;»;(пр);244;31;;12;36;;;
666;Кайнзара;Едиган;(лв);9;16;;5;16;;;
667;Чеба (Сарагаш);Катунь;(пр);240;12;;1;2;;;
668;Каспа;»;(лв);235;22;;4;10;;;
669;Бийка;»;(пр);235;11;;2;9;;;
670;Коскол;»;(лв);232;11;;—;—;;;
671;Тышкескен;»;»;227;18;;2;4;;;
672;Апшняхта;»;»;221;20;;13;41;;;
673;Вертка;»;»;210;20;;19;45;;;
674;Чемал (Емен.);»;(пр);200;54;952;39;114;14;0,38;
675;Енгожок;Чемал;(пр);38;24;;15;46;;;
676;Куба (Кубя);»;»;8;47;504;47;134;;;83
677;Иккол;Куба;»;24;14;;4;7;;;
678;Аюла;Катунь;(лв);195;18;;5;19;;;
679;Элекмонар;»;(пр);192;38;;12;40;;;
680;Каракол;Элекмонар;(лв);19;14;;4;15;;;
681;без названия;»;(пр);6;11;;3;5;;;
682;Куюм (лог Туткум);Катунь;»;187;30;;18;44;;;
683;Анос;»;(лв);186;12;;1;1;;;
684;Уэнезя;»;(пр);186;25;;23;65;;;
685;Емурла;»;(лв);174;18;;5;13;;;
686;Челош;»;(пр);168;11;;4;9;;;
687;Шашкунар;»;(лв);167;14;;2;4;;;
688;Сема;»;»;162;88;1960;48;160;3;0,11;84-86
689;Сарлык;Сема;(пр);80;10;;2;5;;;
690;Кумалыр;»;»;66;16;;3;10;;;
691;Куяхтонар;»;(лв);64;16;;5;20;;;
692;Шебелик;»;(пр);57;10;22;2;5;;;87
693;Белая Мыюта;»;»;41;14;;7;21;;;
694;Чергушка;»;(лв);33;23;;3;6;;;
695;Алтайский Актел;»;(пр);26;10;;3;3;;;
696;Черга (Бол. Черга);»;(лв);18;49;;15;48;;;
697;Черга;Черга № 696;»;19;21;;10;29;;;
698;Кукуя;»;»;17;18;;12;26;;;
699;Булухта;»;»;7;24;;30;59;;;
700;Мещанка;Булухта;(пр);6;16;;9;12;;;
701;Мугута;»;»;3;18;;13;24;;;
702;Рыбнушка;»;»;2;14;;8;9;;;
703;Актел;Сема;(лв);14;13;;4;10;;;
704;Бол. Камлак;Сема;(лв);8;18;;2;3;;;
705;Мал. Камлак;Бол. Камлак;»;2;10;;6;8;;;
706;Камышла;Катунь;»;158;12;;6;9;;;
707;Муна (Муны);»;(пр);151;17;;14;32;;;
708;Устюба (Светлая);»;(лв);127;28;;29;47;;;
709;без названия ;Устюба ;(пр) ;16;11;;7;16;;;
710;Каим;»;(лв);8;16;;21;45;;;
711;Каянча;Устюба;(лв);4;16;;43;60;;;
712;Соузга;Катунь;(пр);119;12;;2;3;;;
713;Ая;»;(лв);113;26;;89;115;;;
714;Айченок;Ая;»;6;12;;32;30;;;
715;Майма;Катунь;(пр);102;60;780;38;74;;;88
716;Бирюля (Куру-Айры);Майма;(лв);39;16;;13;31;;;
717;Сайдыс;»;(пр);27;28;;4;10;;;
718;Иличек;Сайдыс;»;9;14;;3;16;;;
719;Улала;Майма;»;10;19;;12;25;;;
720;Черемшанка;теряется;—;—;11;;8;9;;;
721;Алтаир;Катунь;(пр);97;15;;7;13;;;
722;Иша;»;»;80;162;3430;54;208;17;0,41;89—91
723;Караса;Иша;»;157;10;;1;3;;;
724;Ускуч;»;»;157;13;;3;6;;;
725;Иня;»;(лв);141;14;;3;6;;;
726;Шиловка;»;(пр);135;10;;5;13;;;
727;Югала;»;(лв);127;14;;1;4;;;
728;Чоя;»;»;121;18;;4;11;;;
729;Тырга;Чоя;»;6;19;;6;14;;;
730;Мал. Иша;Иша;»;113;53;562;15;63;;;
731;Паспаул;Мал. Иша;»;19;16;;3;5;;;
732;Учек;»;(пр);16;23;;4;5;;;
733;Карым;Учек;(лв);11;13;;3;4;;;
734;Уба;Мал. Иша;(лв);7;15;;1;1;;;
735;Устюбень;Иша;(пр);90;18;;11;22;;;
736;Тайнушка;»;(лв);75;28;;3;10;;;
737;без названия;Тайнушка;»;14;15;;1;3;;;
738;Бол. Чаши;Иша;(пр);72;10;;—;—;;;
739;Чапша;»;»;54;105;932;50;124;2;0,02;92
740;Ужлеп;Чапша;(лв);64;11;;4;6;;;
741;Егонушка;»;(пр);21;11;;12;21;;;
742;Бардушка ( Бол. Барда);»;»;14;36;;37;74;;;
743;Чувыр;Бардушка;»;1;17;;6;16;;;
744;Поперечная;Чувыр;»;7;12;;8;18;;;
745;без названия;Чапша;»;4;12;;8;14;;;
746;Ташта (Шикшак);Иша;(лв);40;28;;14;33;;;
747;Карагуж;»;»;29;27;;20;59;;;
748;Тала-Ишинская;»;(пр);15;11;;3;5;;;
749;Березовка;Катунь;(пр);61;30;;24;55;;;
450;Дубровка;»;»;53;16;;2;5;;;
751;Талица;»;(лв);42;20;;6;13;;;
752;Кокша;»;»;40;26;;5;16;;;
753;Талица;»;»;21;12;;—;—;;;
754;Поскакуха;»;»;15;26;;10;26;;;
755;Каменка;»;»;8;110;2030;61;132;32;0,92;93-95
756;Бол. Щемиловка (Сосновый лог);Каменка;»;91;14;;16;33;;;
757;Сосновка (Кривая Сосновка);»;(пр);88;25;;20;44;;;
758;Сараса;»;»;83;37;;39;70;;;96
759;Бол. Кыркыла (Черемшанка,Федоров лог);Сараса;»;23;18;;18;33;;;
760;Мал. Кыркыла (Сухой лог);»;»;18;11;;15;24;;;
761;Бол. Каим;»;»;3;17;;21;31;;;
762;Мал. Каим;Бол. Каим;(пр);3;11;;9;16;;;
763;Бирюкса;Каменка;»;54;43;;60;83;;;
764;Бирюкса;Бирюкса № 763;»;18;11;;14;21;;;
765;без названия;Каменка;(лв);50;21;;5;5;;;
766;Сетовка (Сетовочка);»;(пр);47;45;;29;66;;;
767;Поперечка;»;(лв);19;20;;8;24;;;
768;Грязнуха;Каменка;(пр);29;12;;1;2;;;
769;Змеевка;»;(лв);3;24;;—;—;;;
;Малые водотоки бессточных впадин в бассейне р. Катуни;;;;;;141;300;;;
Бассейн р. Оби от слияния рек Бии и Катуни до устья р. Алей;;;;;;;;;;;
770;Чемровка (Марушка);Обь;(пр);3635;123;2830;36;80;58;16,4;97
771;Прямая (Дальняя Прямая);Чемровка (Марушка);»;111;15;;6;16;;;
772;Сухая Чемровка (Сухая);Чемровка;(лв);63;60;349;6;24;;;98
772а;Лог Аникино;Сухая Чемровка;(пр);43;8;43,7;;;;;99
773;Шубенка;»;»;51;68;508;53;148;;;
774;Топка;Шубенка;(лв);51;12;35,0;13;19;;;
775;Уткуль (Иткуль);Чемровка;(пр);9;55;984;1;1;;;
776;Буланиха;оз. Иткуль;—;—;38;363;3;8;;;100
777;Буланенок;Буланиха;(лв);24;18;;1;1;;;
778;Лог Бычий;»;»;9;30;;—;—;;;
779;Буланенок (лог Буланченок);»;(пр);7;20;;—;—;;;
780;Песчаная (Верх. Песчаная);Обь;(лв);3634;276;5660;103;258;81;2,8;101—103
781;Кыргысты (Кыргыста);Песчаная;»;255;19;;7;20;;;
782;Верх. Кудаты;»;(пр);252;18;;2;7;;;
783;Адаткан;»;(лв);248;21;;5;20;;;
784;Нижн. Кудаты;»;(пр);248;20;;8;22;;;
785;Шиверта (Дукей);»;(лв);248;22;;6;15;;;
786;Мал. Акем;Шиверта;»;6;10;;1;2;;;
787;Бол. Акем (Агайры);Шиверта;(лв);1;12;;2;6;;;
788;Нижн. Ширгайта;Песчаная;(пр);236;10;;—;—;;;
789;Куваш;»;»;232;11;;2;4;;;
791;Барагашонок;Барагаш;»;2;15;;2;6;;;
792;Курзун;Песчаная;»;214;18;;11;20;;;
793;Верх. Этогол;»;»;195;23;;15;47;;;
794;Казанда;»;(пр);193;21;;35;78;;;
795;Этогол;»;(лв);186;20;;14;34;;;
796;Верх. Таурачек;»;(пр);185;10;;4;5;;;
797;Евтушка;»;»;167;14;;7;9;;;
798;Куяча;»;»;165;30;292;37;76;;;104
799;Куяченок;Куяча;(лв);14;15;;20;22;;;
800;Кыркыленок;»;(пр);10;12;;5;13;;;
801;Барашек (Бараш);»;»;2;11;;5;7;;;
802;Куяган;Песчаная;(лв);164;17;;10;22;;;
803;без названия;»;»;160;10;;7;9;;;
804;Баранча;»;(пр);158;25;;33;55;;;
805;Кача;Баранча;»;12;11;;9;14;;;
806;Сосновка;Песчаная;»;144;10;;2;4;;;
807;без названия;»;(лв);143;18;;12;20;;;
808;Бол. Тихая;»;»;129;45;;49;84;;;
809;Быстрая;»;»;114;43;;66;100;;;
810;Быстренок;Быстрая;(пр);20;10;;3;4;;;
811;Солоновка;Песчаная;(лв);102;33;;106;164;;;
812;Землянуха;Солоновка;»;2;13;;4;4;;;
813;Черновая;Песчаная;(пр);87;21;;14;21;;;
814;Сычевка (Бол. Сычевка);»;»;84;21;;5;10;;;
815;Сухой Лог (Березовка);»;»;64;20;;1;2;;;
816;Белокуриха;»;»;63;31;;20;36;;;
817;Мал. Песчаная (Давыдовка);Белокуриха;(пр);8;28;;18;35;;;
818;без названия;Мал. Песчаная;(лв);1;11;;6;8;;;
819;Поперечная (Бол. Поперечка);Песчаная;(пр);32;60;607;38;84;;;
820;Малая (Кузнецовка);Поперечная;(лв);39;19;;25;37;;;
;Малые водотоки бессточных впадин в бассейне р. Песчаная;;;;;;;;;;
821;Ануй (Черный Ануй);Обь;(лв);3626;327;6930;136;300;240;7.1;105-111
822;Турата;Ануй;(пр);304;10;;5;19;;;
823;Мута (Изим);»;(лв);302;36;;15;39;;;
824;Толмоксу;Мута;(пр);21;12;;1;1;;;
825;Колбала;»;(лв);19;11;;1;6;;;
826;Келей;Мута;(пр);12;10;;2;7;;;
827;Черга;Ануй;»;298;14;;6;13;;;
828;Каракол (Потайнуха);»;(лв);294;32;;15;52;;;
829;Усть-Куча;Каракол;(пр);17;10;;4;11;;;
830;Шинок;Ануй;(лв);291;12;;2;4;;;
831;Карама;»;(пр);277;28;;30;73;;;
832;Куевода;Карама;(лв);8;23;;21;24;;;
833;Маеста;Куевода;»;5;13;;6;12;;;
834;Чаган;Карама;»;6;20;;14;24;;;
835;Аскаты;Ануй;»;275;13;;3;8;;;
836;Щепета (Чилик);»;»;273;32;;24;66;;;
837;Казанда (Казандушка, ручей Машин Лог) ;Щепета;(пр);18;12;;6;18;;;
838;Дрезговитная;Ануй;»;257;16;;14;43;;;
839;Черновой Ануй;»;(лв);255;32;;24;69;;;
840;без названия;Черновой Ануй;(пр);16;10;;5;7;;;
841;Язевка;Ануй;(лв);244;16;;6;18;;;
842;Солонешная (Медведовская) ;»;(пр);243;23;;58;120;;;
843;Бол. Речка;»;(лв);236;29;;30;62;;;
844;Черемшанка;»;(пр);228;18;;40;81;;;
845;Юртинская;Ануй;(пр);211;23;;30;52;;;
846;Сибирка (Сибирячиха);»;(лв);203;34;;75;107;;;
847;Мульчиха;Сибирка;(пр);15;14;;9;16;;;
848;лог Сибиряченок (Мал. Сибиряченок);Сибирка;(лв);4;20;;31;40;;;
849;Бол. Сибиряченок (Каменушка);лог Сибиряченок;(пр);11;12;;19;21;;;
850;лог Червянский (Червянка);Сибирка;»;1;16;;11;25;;;
851;Березовка;Ануй;»;189;17;;19;35;;;
852;лог Денисов;Березовка;»;3;10;;5;10;;;
853;Вятчиха;Ануй;(лв);184;20;;41;60;;;
854;Таловка;»;»;178;11;;26;25;;;
855;Татарка;»;»;160;15;;33;36;;;
856;Слюдянка (Бол. Слюдянка);»;»;157;46;393;135;215;;;
857;Гремучая;Слюдянка;»;36;12;;10;14;;;
858;Осиновка;»;»;32;10;;20;18;;;
859;Березовка;»;(пр);30;12;;18;28;;;
860;лог Казачий;теряется;;_;11;;4;3;;;
861;Соловьиха;Ануй;(пр);134;32;;93;142;;;
862;без названия;Соловьиха;(лв);22;10;;26;27;;;
863;без названия;Ануй;(пр);116;26;;9;21;;;
864;без названия;без названия № 863;(лв);9;14;;6;9;;;
865;Кудриха;Ануй;»;116;42;;10;30;;;
866;Кудренок;Кудриха;(пр);2;24;;3;6;;;
867;Притычная;Ануй;»;60;15;;26;40;;;
868;без названия;»;»;38;12;;—;—;;;
869;Камышенка (Камышинка, лог Ремневский);»;»;21;67;608;21;38;;;
870;без названия;Камышенка;(лв);53;12;;12;20;;;
871;Бол. Камышинка;»;(лв);45;26;;40;43;;;
872;Березовка;Бол. Камышинка;(пр);39;20;;25;24;;;
873;без названия;Камышенка;(пр);44;12;;4;7;;;
874;Валейка;»;(лв);43;10;;16;28;;;
875;Озернуха;»;»;28;18;;5;6;;;
876;Мокрушка ;»;»;21;14;;—;—;;;
;Малые водотоки бессточных впадин в бассейне р. Ануй;;;;;;13;38;;;
877;Амурка;Обь;(пр);3607;8,9;45;—;—;;;112
878;Амуринка;Амурка;(лв);1.5;8,0;39,0;—;—;;;113
879;Старица Чулок;оз. Карасье;;—;23;;2;1;;;
880;Чарыш;Обь;(лв);3550;547;22200;192;565;536;46.4;114-122
881;Карагуа;Чарыш;»;532;16;;2;4;;;
882;Тургунсу;»;»;530;25;;5;19;;;
883;Ябаган;»;(пр);511;36;;6;22;;;
884;Аяткан;Ябаган;»;23;11;;—;—;;;
885;Бол. Шиверта;»;(лв);14;18;;4;14;;;
886;Чакыр;»;(пр);7;21;;1;1;;;
887;Кырлык;»;(лв);2;33;;8;32;;;
888;Тулайта;Кырлык;(пр);25;14;;2;7;;;
889;Кан;Чарыш;»;506;30;;6;18;;;
890;Баргаста;Кан;(лв);17;12;;1;4;;;
891;Ебегень;»;»;15;15;;1;2;;;
892;Ебогон;»;»;12;16;;—;—;;;
893;Охонуш;»;(пр);3;12;;3;5;;;
894;Кутерген;Чарыш;(лв);505;16;;—;—;;;
895;Козуль;»;(пр);499;16;;6;16;;;
896;Карасу;Козуль;(лв);5;11;;2;4;;;
897;Топчуган;Чарыш;»;497;21;;6;13;;;
898;Бол. Кайсын;»;»;492;16;;10;23;;;
899;Чеча (Огой);»;(пр);478;21;;14;36;;;
900;Ергол;»;(лв);477;16;;10;18;;;
901;Кумир (Кызылчая,Кызылчай);»;»;468;66;1090;48;145;;;123.124
902;Деганна;Кумир (Кызылчая);(лв);47;10;;6;16;;;
903;Черновая;Кумир;»;42;14;;6;20;;;
904;Кедровка;»;»;36;17;;7;16;;;
905;Кытма (Мал. Кытма);»;»;31;26;;18;66;;;
906;Красноярка;»;(пр);27;33;;20;58;;;
907;Щебнюха;»;(лв);24;11;;7;18;;;
908;Березовка;»;(пр);21;16;;8;14;;;
909;Талица;Чарыш;»;481;40;;27;100;;;
910;лог Солоновка;Талица;(лв);16;16;;3;8;;;
911;Чечулиха;Чарыш;(пр);475;13;;4;8;;;
912;Плесовчиха;»;»;469;15;;2;4;;;
913;Коргон;»;(лв);460;43;;63;135;;;
914;Горелый Коргон;Коргон;»;27;15;;15;23;;;
915;Антонов Коргон;»;(пр);18;21;;12;30;;;
916;Осипов Коргон;Антонов Коргон;(лв);8;10;;6;18;;;
917;Коргончик;Коргон;(пр);12;14;;8;21;;;
918;Воровская (ручей Еловский);Чарыш;(лв);457;13;;8;10;;;
919;Белая;»;(пр);447;32;;14;48;;;
920;Загриха;Белая;(лв);4;21;;8;18;;;
921;Бол. Татарка;Чарыш;»;446;16;;18;34;;;
922;Мал. Татарка;»;»;441;18;;17;29;;;
923;Сентелек;»;»;433;29;;32;72;;;
924;Черновая;Сентелек;»;12;14;;6;13;;;
925;Кедровая;Чарыш;(пр);431;12;;4;11;;;
926;Теплая;»;(лв);425;15;;5;13;;;
927;Аба;»;(пр);421;16;;8;17;;;
928;Бащелак;»;»;408;71;858;63;153;;;
929;Генералка;Бащелак;»;26;14;;18;37;;;
930;Бащелаченок;»;»;18;25;;22;80;;;
931;Крутиха;»;»;16;12;;16;20;;;
932;Боровлянка;Бащелак;(лв);4;19;;12;33;;;
933;Чала;Чарыш;»;397;17;;19;44;;;
934;Быстрая;»;(пр);392;19;;20;53;;;
935;Табунная;Быстрая;(лв);1;13;;4;5;;;
936;Тулата;Чарыш;»;380;48;;95;194;;;
937;Майорка;Тулата;(пр);24;10;;12;20;;;
938;Сосновка;Чарыш;»;380;50;424;72;138;;;
939;Бол. Верзиловка;Сосновка;(пр);18;13;;4;16;;;
940;Поперечная;»;» ;17;10;;10;15;;;
941;Сосновка;»;(лв);15;25;;29;57;;;
942;Чагырка;Чарыш;»;355;25;;45;77;;;
943;Иня;»;»;346;110;1480;300;430;;;125
944;Прав. Шумишка;Иня;»;92;11;;13;15;;;
945;Татарка;»;(пр);87;10;;16;30;;;
946;Калманка;»;(лв);70;10;;31;38;;;
947;Ионыш;»;(пр);62;25;;79;117;;;
948;Черная (Черновая);Ионыш;(лв);62;10;;15;16;;;
949;Черная;Иня;»;52;17;;41;57;;;
950;Бол. Тигирек;»;»;46;20;;51;70;;;
951;Бол. Чесноковка;Бол. Тигирек;»;46;11;;23;53;;;
952;Мал. Тигирек;»;(пр);2;14;;15;23;;;
953;Громотуха;Иня;»;35;24;;78;102;;;
954;Яровка;»;»;27;33;;118;135;;;
955;Генералка;Яровка;»;14;17;;41;50;;;
956;Ханхара (Бол. Ханхара);Иня;(лв);18;23;;39;68;;;
957;без названия;»;(пр);18;10;;16;19;;;
958;Белая;Чарыш;(лв);335;157;1470;170;353;;;126
959;Иркутка;Белая;(пр);133;15;;22;21;;;
960;Крахалиха;»;»;121;13;;28;33;;;
961;Луговая;»;(лв);105;14;;7;13;;;
962;Казачья Слесарка;Белая;(лв);103;13;;9;10;;;
963;Мал.. Амелиха;»;(пр);98;13;;24;24;;;
964;Бол. Амелиха (Амелиха);Белая;»;93;13;;24;45;;;
965;Мал. Белая;»;(лв);88;27;;72;140;;;
966;Глубочанка;Мал. Белая;»;13;12;;6;11;;;
967;Мал. Каменка;Белая;»;74;11;;9;20;;;
968;Солдатка;»;»;62;11;;4;8;;;
969;Синюшка;»;»;53;10;;11;17;;;
970;Бол. Ускучевка;»;(пр);50;13;;26;44;;;
971;Мал. Суетка;»;(лв);30;20;;22;45;;;
972;Маралиха (Бол. Маралиха);Чарыш;(пр);318;108;1230;141;238;;;
973;Мал. Маралиха;Маралиха;(лв);78;22;;37;50;;;
974;Ускучевка;Мал. Маралиха;(пр);7;11;;16;34;;;
975;Выдриха (Прав. Выдриха);Маралиха;»;42;32;;23;32;;;
976;Лев. Выдриха;Выдриха;»;11;19;;20;44;;;
977;Лев. Козлуха;Маралиха;(лв);28;44;;40;81;;;
978;Прав. Козлуха;Лев. Козлуха;»;10;15;;5;13;;;
979;Марушка;Маралиха;(пр);24;23;;10;14;;;
980;Землянка;»;»;18;10;;1;2;;;
981;Поперечная (Золотушка);»;(лв);9;14;;4;9;;;
982;Маячная;Поперечная (Золотушка);»;6;10;;3;10;;;
983;Суетка;Чарыш;»;310;46;;37;95;;;
984;Камышенка;»;(пр);305;45;;33;60;;;
985;Ельбаниха;Камышенка;»;16;15;;10;21;;;
986;Холодный Ключ;Чарыш;(лв);292;17;;4;8;;;
987;Березовка;»;(пр);283;44;;11;24;;;
988;Мал. Березовка (Березовка);Березовка;(лв);22;18;;10;11;;;
989;Молчаниха;»;(пр);11;22;;2;4;;;
990;Мурзинка (Таловка);Чарыш;(лв);266;36;;11;25;;;
991;Важенка;Мурзинка;(пр);18;15;;11;20;;;
992;Кукуйка;Чарыш;(лв);265;29;;1;2;;;
993;Локтевка;»;»;233;111;1610;52;136;;;127
994;Евстифеевка;Локтевка;»;95;17;;15;28;;;
995;Бол. Каменка;»;»;89;11;;21;38;;;
996;Белая;»;(пр);84;39;;22;52;;;
996а;Шершнишка;Белая;»;26;19;30;3;6;;;128
997;Перильная;Белая;(пр);12;17;;10;15;;;
998;Сидоровка;»;»;10;16;;8;19;;;
999;Боровушка;»;»;7;14;;10;20;;;
;Малые притоки оз. Белое;;;;;;1;4;;;
1000;Березовка;Локтевка;(пр);79;12;;4;4;;;
1001;Усть-Колыванка (Колыванка 2-я);»;(лв);70;26;;19;28;;;
1002;Таловка;»;(пр);67;16;;7;16;;;
1003;без названия;»;»;53;10;;—;—;;;
1004;Кривушка;Чарыш;»;228;16;;—;—;;;
1005;без названия;»;»;225;12;;—;—;;;
1006;Комариха;»;»;204;41;466;3;15;;;129
1007;без названия;»;(лв);212;10;;—;—;;;
1008;протока без названия;»;(пр);182;16;;;;;;
1009;Порозиха;»;(лв);164;82;1350;25;70;;;
1010;без названия;Порозиха;(пр);54;10;;1;1;;;
1011;Гусиха;»;»;49;15;;5;8;;;
1012;Крутиха;»;»;37;21;100;2;5;;;
1013;Ермилиха;Чарыш;»;125;18;;3;13;;;
1014;Землянуха;Ермилиха;»;1;10;;—;—;;;
1015;Боровлянка;Чарыш;»;119;15;;—;—;;;
1016;Солоновка;Старица р. Чарыш;—;—;10;;2;1;;;
1017;Кабановка;Чарыш;(пр);114;18;;5;8;;;
1018;Ямышевка;»;»;103;18;;—;—;;;
1019;Калманка;»;»;84;68;789;27;58;;;
1020;Осиновка;Калманка;(лв);52;15;;17;22;;;
1021;Ннжне-Калманка;»;(пр);29;55;331;47;84;;;
1022;Чуприха;Нижне-Калманка;»;42;12;;27;30;;;
1023;Землянуха;»;(лв);46;15;;10;14;;;
1024;Ельцовка;Калманка;»;29;27;;22;44;;;
1025;Журавлиха;Чарыш;»;69;16;;4;10;;;
1026;Гусиха;»;»;68;21;;1;2;;;
1027;Петлиха;»;»;62;15;;2;10;;;
1028;Березовый;оз. Страшное;;—;10;;з;7;;;
1029;лог Каменный;Чарыш;(пр);34;17;;4;16;;;
1030;Озерная;»;»;20;38;;5;9;;;130
1031;Озерная;Озерная № 1030;(лв);24;12;;1;7;;;
1032;Исток;Чарыш;(пр);17;11;;2;2;;;
1033;Студеный;Исток;»;4;11;;2;7;;;
1034;лог Барсучий;теряется;—;—;11;;—;—;;;
1035;Бол. Барчиха;оз. без названия у с. Беспалово;;—;20;;9;18;;;
;Малые притоки оз. Песчаное;;;;;;2;11;;;
;Малые водотоки бессточных впадин в бассейне р.Чарыш;;;;;;63;156;;;
1036;Крутиха;Обь;(лв);3530;20;126;7;12;;;131
1037;без названия;»;(пр);3516;11;;1;1;;;
1038;Бол. Речка;»;»;3508;258;4000;27;48;294;28.9;132-136
1039;Клнмиха;Бол. Речка;(лв);241;10;;—;—;;;
1040;Бол. Топки;»;»;237;10;;1;1;;;
1041;Лукова;»;»;182;12;;—;—;;;
1042;Шершниха;»;(пр);163;10;;1;2;;;
1043;Ельцовка;»;(лв);156;23;;5;6;;;
1044;Белая;»;»;99;61;296;2;4;;;
1045;Гавриловка;Белая;(пр);48;14;;—;—;;;137
1046;Хайрюза (лог Ромашев);»;(лв);38;19;83,0;2;1;;;
1047;Боровлянка;Бол. Речка;»;91;45;;7;14;;;138
1048;Листвянка;Бол. Речка;(пр);17;25;;—;—;;;
1049;Камышенка;»;(лв);5;76;556;8;24;;;139
1050;Крутиха;оз. Бол. Камышное;;;13;;1;4;;;
1051;Курья;оз. Шибаево;;;40;;11;20;;;
1052;без названия;Курья;(пр);32;11;;3;9;;;
1053;без названия;»;(лв);24;15;;5;6;;;
1054;Г рязнуха;Курья;(лв);22;12;;4;3;;;
1055;Савиха;Камышенка;(пр);5;18;;2;6;;;
;Малые водотоки бессточных впадин в бассейе Бол. Речки;;;;;;8;20;;;
1056;Петрушиха;теряется;;—;11;;1;2;;;
Бассейн р. Иртыша до г. Семипалатинска;;;;;;;;;;;
1057;Иртыш (Эртыс, Ку-Эртыс, Кара-Эртыс, Кара-Ир-цые, Черный Иртыш, Белый Иртыш);Обь;(лв);1162;4248/897;1643000/196000;168;367;647;6124;140
1058;Кара-Каба;Каба (Хаба);(пр);111;132;3040;47;286;82;5;
1059;без названия;Кара-Каба;»;118;10;;8;21;;;
1060;Тарбагатай;»;»;96;22;113;6;26;;;
1061;Тау-Текеле;»;»;94;24;133;12;42;;;
1062;Мараленок;»;»;82;13;29;6;8;;;
1063;Коровья;»;(лв);74;18;141;3;15;;;
1064;Карасаз;Коровья;(пр);10;10;61;6;25;;;
1065;Жаман-Каба;Кара-Каба;»;63;29;242;13;50;;;
1066;Акбулак;Жаман-Каба;»;22;17;75;1;3;;;
1067;без названия;Акбулак;»;2;12;34;2;4;;;
1068;Самарсандыбулак;Кара-Каба;»;62;15;90;7;21;;;
1069;Тюсь-Каин;»;(лв);55;18;143;1;2;;;
1070;Березовка;Тюсь-Каин;»;4;14;70;2;13;;;
1071;Арасан-Каба;Кара-Каба;(лв);44;52;435;33;80;13;0.8;
1072;Акбулак;Арсан-Каба;»;18;14;51;6;10;;;
1073;Айлы (Жильткей);»;»;10;19;99;9;25;;;
1074;Балыктыбулак;Кара-Каба;»;40;22;183;15;60;;;
1075;Золотушка;Балыктыбулак;(пр);4;10;29;5;6;;;
1076;Шаганаты (Чаганаты);Кара-Каба;»;16;23;172;8;34;;;
1077;Богомоюс;»;»;8;43;357;40;120;;;
1078;Куру-Жайляу;Богомоюс;(лв);15;19;91;8;25;;;
1079;Ак-Каба;Каба;»;111;99;1570;40;133;;;
1080;без названия;Ак-Каба;(пр);85;16;47;5;9;;;
1081;без названия;»;»;70;13;73;14;28;;;
1082;без названия;»;»;66;12;39;6;16;;;
1083;Темир-Каба;»;»;54;27;131;22;56;;;
1084;Белезек;Иртыш (Черный Иртыш);»;3740;135/57 ;134;22;78;;;
1085;Тыркылдаг;Белезек;(лв);108;10;37;6;10;;;
1086;Сакрама;»;(пр);105;16;122;30;68;;;
1087;Белезектын-Бырайрык- Басы;»;(лв);78;23;181;12;28;;;
1088;Копыртас;Белезектын-Бырайрык-Басы;»;10;11;47;5;13;;;
1089;Кызылащи;Белезек;(пр);38;30/14 ;105;7;25;;;
1090;Алкабек;Иртыш (Черный Иртыш);»;3721;82;1420;11;45;8;0.5;?
1091;Бас-Теректы (Верх. Теректы);Алкабек;»;58;28;183;19;55;;;?
1092;Теректы (Ортатеректы);Бас-Теректы;(лв);14;12;59;4;14;;;?
1093;без названия;Теректы;(пр);;11;23;3;8;;;
1091;Ортатеректы (Средняя Теректы);Алкабек;»;50;31;234;20;67;;;?
1095;Котой;Ортатеректы;(лв);17;14;40;8;19;;;
1096;Тентек;Ортатеректы;(лв);11;72;—;—;—;;;
1097;Сазан;Тентек;(пр);72;15;44;7;26;;;
1098;Бюргундай;»;(лв);72;11;—;5;6;;;
1099;Шеттеректы (Чет-Теректы, Нижняя Теректы);Алкабек;(пр);46;28;212;27;92;;;?
1100;Рукав Китайка (Алкабек);Иртыш (Черный Иртыш);»;3721;29;—;—;—;;;
1101;Ашалы;теряется;;—;44;331;6;15;;;
1102;лог Зеленый;рукав Китайка;(пр);17;17;—;—;—;;;
1103;Каракия (Кара);Ашалы;»;35;14;104;5;12;;;
1104;Коскаин;теряется;;—;13;32;1;2;;;
1105;Табота;»;;—;14;60;—;—;;;
1106;протока без названия;Иртыш (Черный Иртыш);(лв);3691;12;—;—;—;;;
1107;без названия;протока без названия №1106;»;7;12;—;—;—;;;
1108;Кальжир (Кальджир);Иртыш (Черный Иртыш);(пр);3683;122;3200;38;200;3;450;205-207
1109;Еловка (Карагайлы-булак);оз. Маркаколь;;—;11;34;3;9;;;
1110;Тополевка (Теректы);»;;—;24;128;15;48;;;
1111;Тихушка;»;;—;12;;9;20;;;
1112;Карабулак;»;;—;12;73;5;18;;;
;Малые притоки;оз. Маркаколь;;;;;41;145;;;
1113;Куаниат;Кальжир;(лв);120;13;43;16;22;;;
1114;Куганкеткен;»;(пр);101;15;26;2;7;;;
1115;Аккеткен (Аюкеткен);»;»;101;20;100;14;45;;;
1116;Уртабулак;Аккеткен;(лв);5;13;21;1;3;;;
1117;Шукур-Кальжир (Чукур-Кольджир);Кальжир;(пр);85;26;2680;15;41;;;
1118;Карагаш (Карагач);Шукур-Кальжир;(пр);3;22;121;13;34;;;
1119;без названия;Карагаш;(лв);13;11;32;4;10;;;
1120;Тентек;Шукур-Кальжир;(пр);17;12;—;8;14;;;
1121;без названия;Кальжир;(лв);80;10;;6;10;;;
1122;Шандыбулак (Чанды-Булак);»;»;72;24;121;23;57;;;
1123;Балакальжир (Кара-джал, Карабура);Кальжир;(пр);65;40;385;32;100;;;
1124;без названия;Балакальжир;(лв) ,;15;10;—;3;4;;;
1125;Батпакбулак;Кальжир;»;63;28;153;8;38;;;
1126;Каиндыбулак;»;»;61;12;63;4;20;;;
1127;рукав Орда;Иртыш (Черный Иртыш);»;3695;20;—;—;—;;;
1128;Такыр;теряется;;—;62;517;32;105;;;208
1129;лог Уртенсай (Кара-Агач);»;;—;12;43;1;2;;;
1130;без названия;»;;—;12;—;—;—;;;
1131;Улькен-Уласты (Конур-бай);»;;—;67;—;12;40;;;209
1132;Аккозень;Улькен-Уласты;(лв);46;10;35;—;—;;;
1133;Обойлы;теряется;;—;19;—;4;18;;;
1134;Сарыбулак;»;;—;22;242;—;—;;;
1135;Шакпактас (Чакпактас);Сарыбулак;(лв);22;16;—;3;16;;;
1136;Аксыир (Коккура);»;»;15;21;51;2;10;;;
1137;без названия;»;»;5;15;42;—;—;;;
1138;без названия .;»;»;1;13;42;3;14;;;
1139;Кайнар;теряется;;—;10;40;—;—;;;
1140;Ошаганды;Кайнар;(лв);11;11;41;3;7;;;
1141;Калмакпай;»;(пр);11;10;40;3;13;;;
1142;без названия;теряется;;—;14;44;6;15;;;
1143;рукав Кендырлик;вдхр. Бухтарминское;;—;54;—;—;—;;;
1144;протока без названия;рукав Кендырлик;(лв);28;19;—;—;—;;;
1145;протока без названия;»;(пр);9;18;—;—;—;;;
1146;рукав Сексенька;»;»;5;21;—;—;—;;;
1147;Кендерлык (Жарлы);вдхр. Бухтарминское;(лв);—;95;5330;11;48;1;0.4;210-212
1148;Сындрама;Кендерлык;(лв);95;8;128;7;19;;;
1149;Самень;Сындрама;»;10;13;39;8;16;;;
1150;Астауша (Астауча);»;(пр);10;8;;4;15;;;
1151;Куртка;Кендерлык;»;93;22;99;3;8;;;
1152;Ертысбай (Эртыс-Бай);Куртка;(лв);53;8;28;2;6;;;
1153;Караунгур;Кендерлык;(пр);78;30;566;9;30;;;
1154;Кызылкия;»;»;95;10;102;9;32;;;
1155;Бугужайлау;Кызылкия;(лв);11;10;25;6;14;;;
1156;Иргизбай (Эргизбай);Караунгур;(пр);17;10;58;6;16;;;
1157;Алабай;Иргизбай;(лв);10;11;23;—;—;;;
1158;Бокан;Иргизбай;(лв);5;13;41;2;3;;;
1159;Муэтау;»;»;3;13;56;9;18;;;
1160;Майшат (Майчат);Караунгур;(пр);12;10;38;9;22;;;
1161;Аба;»;(лв);5;8;126;2;7;;;
1162;Обалы;Аба;(пр);8;12;63;3;18;;;
1163;без названия;»;(лв);8;11;25;1;4;;;
1164;Акколка;Караунгур;(пр);3;16;129;22;70;;;
1165;Дарнаозен;Кендерлык;(лв);72;14;138;6;28;;;
1166;Акжар;Дарнаозен;»;14;10;—;11;15;;;
1167;Кольденебулак;разбирается на орошение;;—;23;—;9;34;;;
1168;Теректы (Кайгенбулак);»;;—;29;136;9;20;;;
1169;без названия;Теректы;(пр);11;10;—;2;10;;;
1170;Талдыбулак;разбирается на орошение;;—;15;34;—;—;;;
1171;Аксу;теряется;;—;24;563;—;—;;;
1172;Тазотколь (Карасу);Кендерлык;(пр);18;19;—;—;—;;;
1173;рукав Сункар (Кокжжира);теряется;;—;23;—;—;—;;;
1174;Шабакты (Бесенька, Джеменей);Кендерлык;(лв);2;58;730;5;20;;;215-218
1175;Улькен Жеменей;Шабакты (Бесенька);»;56;28;147;39;80;;;
1176;Мал. Жеменей (Кши-Джеменей);»;(пр);56;15;33;1;2;;;
1177;Темирсу (Топта);»;(лв);28;23;228;5;22;;;
1178;Акбулак;Темирсу;(пр);23;13;27;—;—;;;
1179;Шуршусай (Чурчу-Сай);»;»;16;18;32;1;4;;;
1180;Коктерек;Шуршусай;»;4;17;24;—;—;;;
1181;без названия;Темирсу;(лв);14;11;—;—;—;;;
1182;рукав Алпар (Калиттогам);вдхр. Бухтарминское;(лв);—;19;—;—;—;;;
1183;Уйдене (Жайдак);»;(лв);—;103;856;26;100;;;219
1184;Карабатпак;Уйдене;(пр);93;11;64;15;45;;;
1185;Аркалык;»;(лв);88;11;33;3;12;;;
1186;Кольдененсу;»;»;78;18;63;16;40;;;
1187;Женишке;»;»;74;11;27;6;12;;;
1188;Кокбулак;»;»;70;10;20;1;2;;;
1189;Ащилы;»;;69;15;123;6;30;;;
1190;без названия;разбирается на орошение;;27;17;—;—;—;;;
1191;Караутколь;теряется;;—;19;—;—;—;;;
1192;без названия;Караутколь;(пр);10;11;—;—;—;;;
1193;Жанбель (Карасу, Койбас, Джанбель, Мукаш);вдхр. Бухтарминское;(лв);—;52;376;2;10;;;
1194;Каракия;Жанбель;(пр);25;14;—;—;—;;;
1195;без названия;»;(лв);24;21;—;1;2;;;
1196;Майбулак;Каракия;»;8;17;—;—;—;;;
1197;без названия;теряется;;—;21;—;2;10;;;
1198;без названия;»;;—;21;—;1;7;;;
1199;без названия;»;;—;18;—;3;10;;;
1200;Коноркура;»;;—;12;20;—;—;;;
1201;без названия;»;;—;12;—;—;—;;;
1202;Куршат;»;;—;16;25;3;6;;;
1203;Уленсай;»;;—;17;36;2;4;;;
1204;Талды;»;;—;26;56;2;14;;;
1205;без названия;»;;—;10;69;9;23;;;
1206;Кенсай;»;;—;34;96;10;40;;;
1207;без названия;»;;—;11;26;11;20;;;
1208;рукав без названия;»;;—;14;—;—;—;;;
1209;Кызылкаин;»;;—;18;56;12;18;;;
1210;Кусто (Кусты);»;;—;44;137;20;55;;;
1211;Тайжузген;»;;—;52;289;12;34;;;
1212;Кошонтай;Тайжузген;(пр);17;15;12;16;30;;;
1213;Саргамыс;»;»;10;16;32;6;16;;;
1214;Еспе (Эспе);теряется;;—;51;364;2;3;;;
1215;Сагандык (Бол. Сагандык);»;;—;13;26;4;6;;;
1216;Шаганобо (Такжаллаю, Чаган Обо);теряется;;—;63;1140;73;180;;;222
1217;Алтынказан (Тасузень);Шаганобо;(пр);51;11;52;12;28;;;
1218;Карагайлы;теряется;;—;17;25;6;10;;;223
1219;Адырбай;Шаганобо;(лв);21;29;328;18;32;;;
1220;Кергентас;Адырбай;(пр);3;23;226;13;43;;;
1221;Кишикергентас (Киш-Кергентас);Кергентас;(лв);13;16;124;4;10;;;
1222;Гальдыайрык;Кишикергентас;(пр);3;13;86;13;42;;;224-227
1223;Кандысу (Чорга);вдхр. Бухтарминское;(лв);—;121;4640;25;97;;;
1224;Кокенталды;Кандысу;(лв);121;36;560;7;27;;;
1225;Мурат;теряется;;—;10;;4;15;;;
1226;Кенбулак;Кокенталды;(лв);15;14;89;3;6;;;
1227;Каракозень;Кенбулак;»;1;10;63;—;—;;;
1228;Кузеунь;теряется;;—;12;35;8;25;;;
1229;без названия;»;;—;10;31;3;7;;;
1230;Кайнар;»;;—;11;31;—;—;;;
1231;без названия;Кайнар;(лв);1;11;18;—;—;;;
1232;Акметбулак;теряется;;—;20;86;2;4;;;228
1233;Табулган;Акметбулак;(пр);9;11;38;16;30;;;
1234;Кастыбулак;теряется;;—;12;50;8;27;;;
1235;Алтай;Кандысу;(пр);121;16;—;15;50;;;
1236;Шиликбулак (Чиликбулак);Алтай;»;5;14;—;6;26;;;
1237;Дунбулак;теряется;;—;19;40;2;10;;;
1238;Уртенбулак;»;;—;18;33;1;4;;;
1239;Узынбулак (Узунбулак);»;;—;17;41;3;10;;;229
1240;Терсайрык;Кандысу;(лв);91;74;646;70;210;;;230
1241;Кызылащибулак;Терсайрык;(пр);57;10;—;4;12;;;
1242;Кызылкорабулак;»;»;55;10;—;5;17;;;
1243;Тайтюбайбулак;»;»;51;10;—;5;21;;;
1244;Манжурбулак;»;»;46;11;30;1;7;;;
1245;Асубулак;»;»;40;11;26;3;7;;;
1246;Ушбулак;Терсайрык;(пр);36;13;29;—;—;;;
1247;Култайлак (Курчет);»;»;31;14;19;1;1;;;
1248;Бакышбулак (Быкшик);»;»;28;16;43;2;12;;;
1249;Булекбайбулак;теряется;;—;10;27;2;5;;;
1250;без названия;»;—;—;11;38;—;—;;;
1251;без названия;Кандысу;(лв);86;19;67;6;17;;;
1252;Тогай;»;»;83;19;27;1;5;;;
1253;без названия;»;(пр);82;14;32;5;15;;;
1254;Сарыбулак;»;»;79;24;85;5;18;;;
1255;без названия;Сарыбулак;»;3;11;—;1;6;;;
1256;Коржибулак;теряется;»;—;14;55;6;20;;;
1257;Иссык (Катай);Кандысу;(лв);2;20;50;—;—;;;
1258;Карасу (рукав Карасу);теряется;(пр);—;28;—;—;—;;;213
1259;Бозша (Боща);Кандысу;(лв);78;27;151;11;15;;;232
1260;без названия;Бозша;(пр);19;10;;1;4;;;
1261;без названия;»;»;11;11;17;—;—;;;
1262;Кеншак (Кенчак);»;»;8;11;11;—;—;;;
1263;Бозша И (Жаилша);теряется;;—;14;77;—;—;;;
1264;Уйганбулак;Бозша II;»;14;16;31;5;18;;;
1265;Шамажанбулак (Чамажан_Булак);»;(лв);14;15;—;4;11;;;
1266;Бозша (Карачат-Булак,Садыр-Булак);теряется;;—;29;86;11;50;;;
1267;Жыра;Кандысу;(пр);21;12;—;—;—;;;
1268;без названия;теряется;;—;14;—;—;—;;;
1269;Ортакарасу (Тасжира) ;»;(пр);—;27;—;—;—;;;233
1270;Шеткарасу (Четь-Кара-Су);»;;—;38;—;—;—;;;234
1271;Токсанбай;»;;—;13;54;2;3;;;
1272;Жирен (Кызыл-Кесек);»;;—;29;112;—;—;;;
1273;Уласты (Ласты, Общая Ласты);теряется;;—;48;1350;10;45;;;235
1274;Шетуласты (Чет-Ласты,Левая Ласты);Уласты;(лв);48;38;463;12;45;;;236.237
1275;Шубарагаш (Чурбарагаш);Шетуласты;(лв);26;14;79;15;40;;;
1276;Жаланаш;»;»;12;29;128;10;35;;;
1277;Сасыкбастау;»;(пр);8;17;54;3;5;;;238-240
1278;Ортауласты (Орта-Уласты, Прав. Ласты);Ласты;»;48;46;275;24;100;;;
1279;Болатсу;Ортауласты;»;22;15;54;8;22;;;
1280;Жилекпай (Джилек-пай);теряется;;—;18;—;—;—;;;
1281;лог Аксу;»;;—;17;—;—;—;;;
1282;Сай Ушбастау;»;;—;19;—;2;4;;;
1283;Еспе (Эспе);»;;—;14;59;2;10;;;
1284;Еспе (Эспе);»;;—;21;144;—;—;;;
1285;Суан;»;;—;11;;2;3;;;
1286;Камыстыбастау;»;;—;14;102;1;1;;;
1287;Жарсу;»;;—;28;366;—;—;;;
1288;Узынбулак (Узунбулак);»;;—;19;160;4;6;;;
1289;Тамерсык;»;;—;28;290;—;—;;;241
1290;Казганкара;Тамерсык;(лв);28;16;59;4;12;;;
1291;Каракунгей;»;(пр);28;12;60;8;30;;;242
1292;Тебезге;теряется;;—;46;584;22;90;;;
1293;Ойкезень;Тебезге;(пр);37;12;80;7;15;;;
1294;Мекенбулак;Ойкезень;»;2;13;48;15;38;;;
1295;Такиякеткен;Тебезге;(лв);28;23;86;8;33;;;
1296;без названия;»;(пр);27;10;33;4;10;;;
1297;без названия;»;(лв);23;18;94;1;4;;;
1298;Кеньсай (Акжал);»;(пр);18;24;103;11;26;;;
1299;без названия;теряется;;—;12;114;—;—;;;
1300;Кайши (Кайчи);»;;—;21;77;2;4;;;
1301;Базарка (Базар);вдхр. Бухтарминское;(лв);—;179;4850;23;85;;;243.244
1302;Кулунбулак;Базарка;(лв);160;18;138;9;38;;;
1303;без названия;Кулунбулак;»;3;11;44;4;11;;;
1304;Кольдай;Базарка;(пр);152;12;47;4;10;;;
1305;Кульдунук;»;»;145;29;—;36;90;;;
1306;Ахмутбулак;»;»;133;10;32;—;—;;;
1307;Сарыбулак;теряется;;—;18;69;—;—;;;
1308;без названия;»;;—;11;—;—;—;;;
1309;без названия;»;;—;34;—;—;—;;;
1310;Ключ Аксуат;Базарка;(пр);32;27;—;—;—;;;245
1311;Карабуга II (Карабага,Карбога);»;»;25;128;2660;43;75;;;246.247
1312;Карабуга I (Карбога);Карабуга II;(лв);120;14;38;6;10;;;
1313;Карабуга III (Карбога);»;(пр);120;20;89;21;53;;;
1314;Берик-Кайракты (Кай-ракты);»;»;110;20;44;7;16;;;
1315;Урта-Кайракты;»;»;107;24;53;12;35;;;
1316;Мурсалимбулак (Коскура);»;(лв);102;20;93;3;4;;;
1317;Сарыбулак (Мал. Кайракты);»;(пр);97;30;158;5;23;;;
1318;без названия;Сарыбулак;»;18;13;23;—;—;;;
1319;Сарыбулак;Карабуга II;»;87;33;59;1;6;;;
1320;Нарын;;;72;54;357;15;35;;;
1321;без названия;Нарын;»;44;10;21;—;—;;;
1322;Караайрык;»;»;39;11;29;4;10;;;
1323;Кокень;Карабуга II;»;14;14;—;—;—;;;248
1324;Кызылкаин;разбирается на орошение;;—;12;—;—;—;;;249
1325;Кабыргата;теряется;;—;14;—;—;—;;;250
1326;Бугаз (Богаз);»;;—;81;3280;—;—;;;251
1327;Кишкенебугаз (Бугаз, Богаз);Бугаз;(пр);81;65;1020;27;90;;;252
1328;Бокалы (Соболонке);Кишкенебугаз;(лв);52;14;72;5;16;;;253
1329;Ерке;»;»;34;17;56;6;12;;;
1330;Жекиметбулак (Джекиметбулак);»;»;25;10;67;4;12;;;
1331;Каиндыбулак;Жекиметбулак;»;1;10;26;1;5;;;
1332;без названия;Кишкенебугаз;(пр);1;23;396;15;51;;;
1333;Улькенбугаз;Бугаз;(лв);81;44;1250;28;100;;;
1334;Сарыозек;Улькенбугаз;(пр);36;13;27;5;11;;;
1335;Егинбулак (Жаманбай);»;(лв);32;17;75;16;38;;;
1336;Кильтишет;»;»;31;16;42;8;10;;;
1337;Сарыозек;»;»;27;11;29;3;4;;;
1338;Арал;»;(пр);18;18;155;11;48;;;
1339;Еспе (Эспе);»;»;14;25;167;3;4;;;
1340;без названия;Эспе;»;11;13;50;3;9;;;
1341;Ортабугаз;Улькенбугаз;»;3;43;307;18;63;;;
1342;без названия;теряется;;—;17;;3;4;;;
1343;Сарыбулак;»;;—;23;149;10;31;;;
1344;Сандыктас (Карагач);»;;—;47;308;24;64;;;
1345;Курайлы (Аркарлы, Эспе);»;;—;85;2220;15;60;;;
1346;Карасу (Акжал, Эспе);Курайлы;(лв);49;74;587;6;33;;;
1347;Жангыбулак (Джангы-булак);»;(пр);46;26;257;4;20;;;
1348;Карабулак;теряется ;;—;18;74;2;3;;;
1349;Кокпекты (Кокпектинка,Аксу, Клы-Соук-Булак);вдхр. Бухтарминское;(лв);—;236;9030;57;126;1;0.35;254-258
1350;без названия;Кокпекты;(лв);216;12;39;2;6;;;
1351;без названия;»;(пр);211;26;223;9;26;;;
1352;без названия;без названия № 1351;(лв);6;10;58;10;28;;;
1353;Карасу;Кокпекты;(лв);195;19;193;9;23;;;
1354;без названия;теряется;;—;14;74;5;25;;;
1355;без названия;Кокпекты;(лв);189;13;37;—;—;;;
1356;без названия;»;»;188;18;52;6;11;;;
1357;Шолак-Карасу;теряется ;;—;17;85;4;12;;;
1358;Карасу;Кокпекты;(пр);172;36;297;12;32;;;
1359;без названия;»;(лв);156;18;101;5;26;;;
1360;без названия;»;(пр);147;11;78;—;—;;;
1361;без названия;»;(лв);144;18;75;4;6;;;
1362;Кургуиль-Булак;»;»;142;23;153;31;80;;;259
1363;Карагалинка (Бол. Карагалы);»;»;124;22;105;18;60;;;
1364;Киши-Каргалинка;»;»;116;24;102;10;21;;;260
1365;Шеркес (Черкес, Бол. Кабанка);»;»;108;16;62;2;3;;;261
1366;Киндыкты;»;(пр);101;91;1220;31;115;;;
1367;Карымбайбулак;Киндыкты;(лв);61;17;130;5;14;;;
1368;Ашудасты;Карымбайбулак;»;2;21;80;5;21;;;
1369;Беректай;Киндыкты;»;44;17;162;4;25;;;
1370;без названия;»;»;39;12;62;2;6;;;
1371;без названия;»;(пр);24;19;95;4;11;;;
1372;без названия;без названия № 1371;(лв);2;12;19;—;—;;;
1373;без названия;Киндыкты;»;12;15;;—;—;;;
1374;Ручей Тынтек-Жара;Кокпекты;(пр);93;15;48;—;—;;;
1375;Т алды;»;(лв);85;22;172;24;75;;;262
1376;Шолакташ;Талды;(пр);8;18;197;19;42;;;
1377;Косагаш;Кокпекты;(лв);77;22;90;12;37;;;263
1378;Белый Камень;Косагаш;»;4;24;270;—;—;;;264
1379;Шигилек (Чегелек);Кокпекты;»;70;51;560;31;73;;;265.266
1380;без названия;Шигилек;»;48;16;—;9;14;;;
1381;Жолдыбай;сарыбулак;(пр);34;10;64;10;25;;;
1382;без названия;Жолдыбай;(лв);2;13;34;15;21;;;
1383;Талагай;Шигилек;(пр);20;19;90;6;17;;;
1384;без названия;Талагай;(лв);8;12;62;4;10;;;
1385;без названия;теряется;;—;12;62;—;—;;;
1386;Узынбулак;»;;—;14;28;1;1;;;
1387;Рукав Кокпектинка;»;;—;39;—;—;—;;;
1388;без названия;»;;—;10;—;—;—;;;
1389;Тасжира;»;;—;12;—;—;—;;;
1390;Рукав Аксу;вдхр Бухтарминское;;—;12;—;—;—;;;
1391;Тасжыра;теряется;;—;19;—;—;—;;;
1392;без названия;»;;—;19;—;—;—;;;
1393;Калгуты (Туранга);»;;—;62;652;15;45;1;0.4;267
1394;без названия;Калгуты;(пр);62;10;;10;39;;;
1395;Уртукбулак;»;(лв);62;10;35;4;10;;;
1396;Тесикия;»;»;38;25;74;6;18;;;
1397;Уртеньбулак;»;»;31;20;82;5;14;;;268
1398;Егинбулак (Эгинбулак, Куянча-Булак);Уртеньбулак;»;3;20;87;—;—;;;
1399;без названия;Калгуты;»;29;12;—;2;15;;;
1400;Кызылагаш (Кызыл-Агач);теряется;;—;19;62;4;10;;;
1401;Терсайрык (Терес-Айрык);»;;—;31;170;6;22;;;269
1402;Бол. Буконь (Буконь);вдхр Бухтарминское;(лв);—;161;3390;39;137;2;1.85;270-280
1403;Актасты;Бол. Буконь;»;161;31;253;24;80;;;
1404;Байбура;Актасты;(пр) ;14;11;62;17;44;;;
1405;Тайлакбулак;»;(лв);11;10;141;2;4;;;
1406;без названия;»;(пр);9;10;;—;—;;;
1407;Бокумбай;Бол. Буконь;»;161;15;54;9;20;;;
1408;Карбалапан;»;»;153;13;90;14;50;;;
1409;Матак;»;(лв);139;11;43;4;12;;;
1410;Жумба (Джумба);»;(пр);134;25;143;8;19;;;
1411;без названия;Жумба;(лв);10;11;26;2;5;;;
1412;Ильинка;»;»;5;10;;5;18;;;
1413;Кумовья;Бол. Буконь;»;124;15;64;8;18;;;
1414;Сидоровский Ключ;»;(пр);121;13;62;15;47;;;
1415;Буржбулак;»;»;111;18;68;11;17;;;281.282
1416;протока Тентек;»;»;2;79;470;—;—;;;
1417;протока Талменка;протока Тентека;;34;44;—;—;—;;;283-285
1418;Бектемир (Каменский);разбирается на орошение;;—;27;;7;23;;;286
1419;Гнилой Ключ (Ключинский);Бектемир;(лв);20;7,0;;—;—;;;287
1420;без названия;теряется;;—;21;123;3;11;;;
1421;Мал. Буконь;Бол. Буконь;(пр);87;55;320;16;62;;;288.289
1422;без названия;Мал. Буконь;(лв);12;10;29;—;—;;;
1423;Кулужун (Кулуджин, Кулуджун);Бол. Буконь;»;0,2;112;704;50;155;1;1.4;290-291
1424;Купырли;Кулужун;»;84;26;119;42;90;;;
1425;Коншубай;»;(пр);81;13;41;18;24;;;
1426;Аюкашкан;»;»;79;12;60;9;15;;;
1427;Байша (Байча);»;(лв);78;13;37;15;28;;;
1428;Талды;»;(пр);62;21;183;16;72;;;
1429;Лайлы;Кулужун;(лв);45;38;321;36;85;;;292
1430;Ручей Урузбайка (Калгарда, Урузбай, Караганда);теряется;;—;22;125;5;13;;;293.294
1431;Аксеновка;Урузбайка;(пр);82;16;43;6;8;;;295
1432;Жуандык;теряется;;—;23;74;11;13;;;296
1433;Еспе (Дмитровский, Эспе);»;;—;42;328;16;38;;;
1434;без названия;Еспе;(лв);20;12;23;2;3;;;
1435;Курчум;вдхр Бухтарминское;(пр);—;230;5890;108;359;30;6.15;297-301
1436;без названия;Курчум;»;215;10;46;4;6;;;
1437;Становая (Кузгунды, Сарымсакты);Курчум;(пр);201;28;139;L5;38;;;
1438;Хлебная (Тентексу);»;»;197;13;56;3;10;;;
1439;Пареночная (Карабулак);»;(лв);188;14;60;4;9;;;
1440;Путочная (Кундузды);»;(пр);185;29;359;26;70;;;
1441;Аша;Путочная;(лв);22;14;73;4;16;;;
1442;Еловка;»;»;13;12;63;6;10;;;
1443;Брусовая;Курчум;(пр);178;18;102;11;31;;;
1444;Сарная (Тар);»;(лв);174;16;80;17;37;;;
1445;Озерная;»;(пр);158;37;366;27;60;;;
1446;Поперечная (Киинбулак);Озерная;(лв);24;16;62;6;18;;;
1447;Граматушка;»;(пр);13;10;;5;8;;;
1448;Чаловка;»;»;10;21;94;13;25;;;
1449;Жангызбулак;»;(лв);5;11;36;5;14;;;
1450;Карашулак (Карачула);Курчум;»;153;11;33;9;24;;;
1451;Казачья;»;»;151;11;47;4;10;;;
1452;без названия;»;»;144;11;32;3;7;;;
1453;Теректы;»;(пр);140;16;98;10;24;;;
1454;без названия;Теректы;(лв);8;14;38;7;14;;;
1455;Кызылжар (Кызыл-Джар);»;»;5;12;29;—;—;;;
1456;Койшилик;Курчум;»;139;16;140;8;20;;;
1457;без названия;Койшилик;(пр);9;10;30;5;14;;;
1458;Каражол;»;»;8;12;59;11;34;;;
1459;Киинбулак;Курчум;»;136;11;21;4;7;;;
1460;Маралиха;»;»;120;57;809;35;92;;;
1461;Биркар;Маралиха;(лв);42;13;42;15;24;;;
1462;Ким-Кия (Карасаз);»;»;29;14;45;11;16;;;
1463;Рахманиха (Жалтырсу);»;(пр);13;17;76;17;26;;;
1464;Тополевка;»;(лв);7;20;161;34;74;;;
1465;Женишкеайрык (Байчетас Ключ, Женичке-Айрык);Тополевка;(пр);11;18;52;9;20;;;
1466;Кумурза;Маралиха;»;6;28;241;19;57;;;
1467;Агаш-Биит;Кумурза;(лв);25;10;24;1;5;;;
1468;Ушкаты;»;(пр);19;14;32;4;12;;;
1469;Балтаозек;»;(лв);19;14;44;3;13;;;
1470;Кумлорза;»;»;14;12;17;1;4;;;
1471;Караутколь;Маралиха;(пр);1;12;23;5;8;;;
1472;Киинсу;Курчум;»;107;36;218;21;60;;;
1473;Шитыгильды (Читыгильды);Киинсу;(лв);7;14;55;9;26;;;
1474;Бугуль (Актасты);»;»;4;12;21;2;3;;;
1475;Токбуринка (Атпасар);Курчум;(пр);90;18;47;7;14;;;
1476;Кыстав-Курчум (Кстаб-Курчум, Курчумбулак);»;(лв);89;32;346;16;55;;;
1477;Избасор;Кыстав-Курчум;»;20;10;22;1;5;;;
1478;Куансай;»;»;19;13;49;6;19;;;
1479;Жаман-Киинсу;Курчум;(пр);86;26;110;15;52;;;
1480;Буланда;»;»;81;39;363;14;52;;;
1481;Бурдыбай;Буланда;»;31;16;32;18;53;;;
1482;Бурлтугай;»;»;28;10;24;2;4;;;
1483;Кара-Айгыр;»;(лв);11;13;40;6;10;;;
1484;Танготар;Курчум;(пр);69;12;43;1;2;;;
1485;протока Теректы;»;»;36;31;—;—;—;;;302
1486;Шунабулак (Чунабулак);протока Теректы;»;25;12;37;2;8;;;303
1487;Коконь (Коконь-Булак);»;»;21;13;39;3;4;;;304.305
1488;Теректыбулак;»;»;18;23;112;4;12;;;
1489;Курган;Теректыбулак;»;9;11;33;2;5;;;
1490;Батпакбулак (Байтогус);протока Теректы;»;14;17;77;11;36;;;306
1491;протока Курчум;Курчум;(лв);6;11;—;—;—;;;
1492;Женишке (Дженишке);»;(пр);1;79;630;32;75;;;307-310
1493;Икаше;Женишке;(лв);67;10;—;4;5;;;
1494;Карабулак;»;(пр);55;13;75;23;55;;;
1495;Асусай;»;»;35;12;37;6;17;;;
1496;Караозек;»;»;2;19;202;6;20;;;
1497;без названия;теряется;»;—;12;46;2;2;;;
1498;Каинды (Сух. Каинда);вдхр Бухтарминское;(пр);—;36;270;22;78;;;311-313
1499;Имбетбулак;»;;—;6;32;9;15;;;314
1500;Каинды (Бол. Каинды);»;;—;58;604;70;200;;;315-317
1501;без названия;Каинды;(лв);41;11;33;8;15;;;
1502;ручей Козлов;»;»;39;10;—;4;15;;;
1503;Мал. Каинды;»;»;16;30;159;21;57;;;
1504;Сыркебулак;Мал. Каинды;»;6;13;40;11;28;;;
1505;Поперечная;Каинды;»;3;20;105;14;45;;;318
1506;Керегетас (Макпал);вдхр Бухтарминское;(пр);—;11;23;3;5;;;319
1507;Шортан (Чортан, Чертан-Булак);теряется;;—;7;27;4;3;;;320
1508;Черкашин Ключ;вдхр Бухтарминское;(лв);—;21;97;8;18;;;
1509;без названия;Черкашин Ключ;(пр);0.2;13;;1;1;;;
1510;Песчанка;вдхр Бухтарминское;(лв);—;20;266;10;31;;;
1511;Аша;Песчанка;»;3;12;179;5;15;;;
1512;Кок-Пастау;Аша;»;6;21;;17;52;;;
1513;Кулажурга (Кула-Джурга);Вдхр Бухтарминское;(пр);—;11;109;2;7;;;321
1514;Шумар (Чумар);Кулажурга;(лв);11;10;—;4;5;;;
1515;Кесык;»;»;11;11;—;7;7;;;
1516;Соясу;»;»;3;12;—;19;40;;;322
1517;Канай (Канайка);вдхр Бухтарминское;(пр);—;23;66;11;29;;;
1518;Акшока (Ак-Чока);»;(лв);—;10;87;6;15;;;
1519;Маелды;»;(пр);—;15;35;10;18;;;323-326
1520;Нарым;»;»;—;69;2040;7;35;;;
1521;Шуршутсу (Чурчутсу);Нарым;(лв);62;20;62;3;5;;;
1522;без названия;теряется;;—;10;22;1;8;;;
1523;Таловка;Нарым;(пр);59;17;87;8;25;;;
1524;Маймыр;»;(лв);56;26;115;12;42;;;327
1525;Верх. Теректа;»;»;43;21;62;3;10;;;328
1526;Березовка;»;(пр);41;19;178;15;51;;;
1527;без названия;Березовка;(лв);2;11;—;—;—;;;329
1528;Теректа (Средняя Теректа);Нарым;»;39;28;56;3;13;;;
1529;Мал. Нарымка;Нарым;(пр);27;34;523;9;26;;;330.331
1530;Строкатовка;Мал. Нарымка;»;34;11;48;8;26;;;
1531;Кузьмин Ключ;Мал. Нарымка;(лв);34;12;38;6;18;;;
1532;Максиха;»;»;27;12;122;15;45;;;332
1533;Солоновка (Нарым);»;(пр);7;27;189;19;70;;;333
1534;Поперечный Ключ (Пахотный ключ);Солоновка;»;7;10;45;6;18;;;
1535;Нижн. Теректа;Нарым;(лв);17;33;130;3;5;;;334
1536;Балгын (Балгынь);»;»;5;36;154;19;60;;;335.336
1537;Сурок Черная (Сурка);Вдхр Бухтарминское;(пр);—;21;124;14;44;;;
1538;Аю-Аткан (Кок-Терек);»;(лв);—;15;45;4;15;;;337
1539;Ключ Мастак (Саунчад, Суук-Чад);»;»;—;15;57;10;23;;;338
1540;Хайрузовка;»;(пр);—;20;190;11;35;;;339
1541;Дровяной;теряется;;—;12;38;5;12;;;
1542;Кельта;»;;—;13;47;3;9;;;
1543;Ширкаин (Чиркаин);Хайрузовка;(пр);12;20;106;20;44;;;340
1544;Кудасека;вдхр. Бухтарминское;»;—;14;36;8;24;;;
1545;Жанатал (Лотошная, Чуртутсу);»;»;—;30;152;21;75;;;
1546;Тускаинский;»;»;—;12;53;7;13;;;
1547;Ближний Ключ;вдхр Бухтарминское;(пр);—;13;42;12;27;;;
1548;Таволжанка;»;»;—;19;132;9;25;;;
1549;Саркрама;Таволжанка;»;3;13;54;1;2;;;
1550;без названия;Саркрама;»;4;10;22;—;—;;;
1551;Черемшанка;вдхр Бухтарминское;»;—;22;319;7;12;;;342
1552;Пашенная;Черемшанка;;18;11;186;2;6;;;
1553;Нестеров Ключ;»;(лв);14;13;75;9;30;;;
1554;Солоновка;»;(пр);12;16;15;5;12;;;343
1555;Мокрая Погорелка (Погорельная);вдхр Бухтарминское;(лв);—;16;81;27;68;;;
1556;Долинка;вдхр Бухтарминское;(пр);—;3;17;—;—;;;344
1557;Войлочевка;»;(лв);—;34;336;22;89;;;345
1558;Комсомольская;Войлочевка;»;21;12;41;9;21;;;
1559;Кадырбай;»;»;8;19;98;20;57;;;346
1560;Кашама;вдхр Бухтарминское;»;—;23;169;26;70;;;
1561;Каратсойган;Кашама;»;1;11;23;4;9;;;
1562;Шавунтай (Чавунтай);вдхр Бухтарминское;(пр);—;11;29;8;12;;;
1563;Жимбулак;»;(лв);—;10;42;6;24;;;347
1564;Картобай (Обухово);»;»;—;12;38;2;6;;;348
1565;Бухтарма;»;(пр);—;336;12660;222;798;295;34,8;249-363
1566;Шиндогатуй (Чиндогатуй);Бухтарма;»;309;34;—;—;—;;;
1567;Алгыжанбулак (Чандоге-Булак);Шиндогатуй;»;2;18;104;18;43;;;
1568;без названия;Бухтарма;(лв);308;10;;5;12;;;
1569;Курту;»;»;283;14;98;30;68;;;
1570;Тау-Текели;»;»;275;11;95;15;47;;;
1571;Арчетинка;»;»;273;19;87;12;30;;;
1572;Семишиха;»;»;270;11;37;5;11;;;
1573;Калмачиха;»;»;259;35;412;35;105;70;4,74;
1574;Фомина;Калмачиха;»;10;14;128;12;40;;;
1575;без названия;»;»;4;10;39;;18;;;
1576;без назввания;Бухтарма;(пр);257;11;33;4;7;;;
1577;Белая Берель (Берель);»;»;253;57;1050;16;43;59;10,4;364.365
1578;Мал. Кокколь;Белая Берель;»;54;13;—;6;21;;;
1579;Итольгон;»;»;42;13;38;1;4;;;
1580;Черная Берель;»;»;28;20;270;4;14;;;
1581;Мал. Черная Берель;Черная Берель;(пр);20;14;45;4;8;;;
1582;Бол. Черная Берель;»;(лв);20;24;87;3;8;;;
1583;Аракан;»;(пр);16;10;63;6;13;;;
1584;Арасан;Бел. Берель;(лв);27;19;115;10;35;1;1.4;
1585;Язовая;»;(пр);10;33;192;14;50;1;1.8;
1586;без названия;»;(лв);6;12;42;—;—;;;
1587;Сахатушка;Бухтарма;(пр);245;10;69;9;23;;;
1588;Фадиха;»;»;241;16;113;11;33;;;
1589;Урыль;»;(лв);235;14;166;10;56;;;366
1590;Протока без названия;»;(пр);201;13;—;—;—;;;
1591;Коктерек;»;(лв);195;10;36;—;—;;;
1592;Черновая;»;(пр);194;34;533;22;64;;;367
1593;Караарык;Черновая;»;34;23;96;14;28;;;
1594;Архиповка;»;»;11;18;49;—;—;;;
1595;Тихая;»;(лв);12;23;139;—;—;;;
1596;Быструшка;Тихая;(пр);8;14;49;—;—;;;
1597;Каменушка;Бухтарма;»;179;20;115;9;26;;;368
1598;Кауриха;;»;160;17;101;10;31;;;369
1599;Сарымсакты (Сагорная);»;(лв);149;43;634;11;52;;;370
1600;протока Kapacv (Катонка);Сарымсакты;(пр);15;13;—;—;—;;;
1601;Ушкунгый;теряется;;—;12;32;5;12;;;371
1602;Ак-Джар (Солонечная);Сарымсакты;(лв);15;13;54;3;8;;;372.373
1603;Шавунбулак (Чавунбулак, Чабундыбулак, Чибындыбулак);Сарымсакты;(лв);12;10;16;;;;;
1604;Саралка;»;»;9;16;57;5;20;;;
1605;Унго;»;»;3;20;39;4;10;;;
1606;Медведка;Унго;(лв);3;19;161;5;29;;;
1607;без названия;Медведка;(пр);7;3,8;12;—;—;;;
1608;Маралиха;оэ. Маралье;;—;18;80;6;22;;;
1609;Белая;Бухтарма;(пр);143;71;1130;54;140;2;2,06;
1610;Саничево (Кокжота);Белая;»;59;15;71;17;30;;;
1611;Лукина;»;»;37;28;309;34;65;;;
1612;Таскурке;Лукина;(лв);21;18;57;11;21;;;
1613;Талдыбулак;»;»;18;18;64;11;18;;;
1614;Шокуес (Шубарагаш);»;(пр);10;18;59;8;17;;;
1615;Поскача;Белая;»;25;16;115;13;18;;;
1616;Нижн. Поскача (Каинуес);Поскача;(лв);2;17;63;11;19;;;
1617;Чаловка;Белая;(пр);16;13;80;7;20;;;
1618;Саврасовка;Чаловка;»;1;12;31;8;18;;;
1619;Пашенная;Белая;(лв);12;13;45;3;10;;;
1620;Коробнха;Бухтарма;»;111;19;75;7;19;;;
1621;Черемошка (Язовая);»;(пр);103;31;452;17;45;;;
1622;Язовая (Язовинка);Черемошка;»;19;13;—;7;16;;;
1623;Старица;Язовая;»;6;11;—;12;24;;;
1624;Середчиха (Тесная);Черемошка;»;17;18;95;26;43;;;
1625;Тесная;»;»;4;19;112;23;37;;;
1626;Проездная;Тесная;»;2;12;39;9;20;;;
1627;Бобровка;Бухтарма;»;93;25;119;27;58;;;
1628;Сенная;»;(лв);79;12;112;32;80;;;
1629;Черновая;»;(пр);63;56;1360;43;124;1;1,8;
1630;Прав. Черновая;Черновая;»;56;14;71;17;33;;;
1631;Лев. Черновая Каменушка;»;(лв);56;21;97;9;25;;;
1632;Березовка;»;»;41;14;85;24;58;;;
1633;Егоровка;»;(пр);30;11;67;13;35;;;
1634;Лаптиха;»;»;20;14;73;17;44;;;
1635;Шихалиха;»;(лв);16;22;139;29;70;;;
1636;Бол. Речка;»;»;10;38;559;32;85;;;
1637;без названия;Бол.. Речка;»;27;11;58;11;26;;;
1638;Федоровка;»;(пр);15;10;40;11;17;;;
1639;Тениха;»;(лв);8;12;34;7;16;;;
1640;Максиха;»;(пр);4;31;210;22;61;;;
1641;без названия;Максиха;»;18;10;—;4;6;;;
1642;Найдениха;Бухтарма;»;57;13;51;7;20;;;
1643;Погуляйка;»;(лв);56;16;66;26;57;;;
1644;Томилин Ключ;»;»;51;11;54;18;46;;;
1645;Пихтовка;»;(пр);42;12;64;17;43;;;
1646;Игнашиха;»;»;36;13;75;16;42;;;
1647;Осочиха;»;(лв);32;10;—;16;32;;;
1648;Хамир (Хайр-Кумек, Хаир-Кумак);»;(пр);23;72;1050;65;165;23;1,4;
1649;Тегерек (Чемчедай);Хамир;»;37;28;—;45;100;;;
1650;Масляха;»;(лв);35;12;47;2;8;;;
1651;Громатушка;»;(пр);33;14;31;2;4;;;
1652;Столбоуха;»;(ЛВ);25;20;163;16;44;;;
1653;Бол. Речка;»;(пр);23;18;102;50;33;;;
1654;Зеваха;»;»;13;18;102;22;45;;;
1655;Березовка;Бухтарма;(лв);16;39;1180;13;44;;;
1656;Прав. Березовка;Березовка;(пр);39;37;360;46;152;;;
1657;Лев. Березовка (Березовка);Прав. Березовка;(лв);17;21;—;17;39;;;
1658;Лев. Березовка;Березовка;(пр);38;39;320;45;135;;;
1659;без названия;Лев. Березовка;»;4;13;—;6;20;;;
1660;без названия;Березовка;(лв);35;14;56;9;20;;;
1661;без названия;Березовка;(пр);30;7;150;1;4;;;
1662;Бобровка;без названия № 1661;»;7;10;47;14;30;;;
1663;Мяконькая;То же;(лв);7;16;—;7;21;;;
1664;Крутая;Березовка;»;28;18;53;7;16;;;
1665;Топтушка;»;»;22;12;29;2;6;;;
1666;Вторушка;»;»;11;10;—;11;31;;;
1667;Бобровка;Бухтарма;(пр);10;11;122;32;110;;;
1668;Зубовка;»;(лв);5;12;27;3;4;;;
1669;Погорелка (Кутиха);»;(пр);2;23;44;23;43;;;389-391
1670;Тургусун;вдхр Бухтарминское;(пр);—;34;1250;39;90;;;
1671;Мал. Тургусун;Тургусун;(пр);34;29;185;48;102;;;
1672;Лев. Татарка;Мал. Тургусун;»;15;11;37;11;16;;;
1673;Бол. Тургусун;Тургусун;(лв);34;45;596;73;187;;;
1674;Барсук;Бол. Тургусун;»;30;23;112;21;52;;;
1675;Таловый Тургусун;То же;»;12;18;119;19;42;;;
1676;без названия;Таловый Тургусун;»;12;10;—;12;23;;;
1677;Нарымка;Бол. Тургусун;»;10;22;97;23;65;;;
1678;Щебнюшка;Тургусун;»;28;12;42;21;40;;;392.393
1679;Становая;TvprvcvH;(пр);22;33;270;36;65;;;
1680;без названия;Становая;(лв);16;12;27;4;6;;;394.395
1681;Мал. Становая;э;(пр);5;11;71;8;20;;;
1682;Становушка;Мал. Становая;(лв);2;12;35;11;21;;;396
1683;Осиновка;вдхр Бухтарминское;(пр);—;35;277;102;250;;;
1684;Сосновка;Осиновка;(лв);10;15;39;30;42;;;
1685;Подстепная;Осиновка;(пр);9;10;34;13;28;;;
1686;Мельничная;вдхр Бухтарминское;(лв);—;18;70;15;40;;;
1687;Крестовка;То же;(лв);—;21;149;15;38;;;
1688;без названия;Крестовка;(лв);9;12;47;2;5;;;
1689;Таволжанка;вдхр Бухтарминское;(пр);—;20;101;26;88;;;397
1690;Усть-Талменка (Таловка);То же;(пр);—;26;144;19;60;;;
1691;Огневка;Усть-Талменка;(лв);16;11;27;11;20;;;
1692;Бухтарминка;вдхр Бухтарминское;(лв);—;19;120;12;34;;;
1693;Бурашева (Сухой Ключ);То же;(пр);—;12;49;5;16;;;398-400
1694;Урунхайка;»;(пр);—;24;48;14;26;;;
1695;Селезневка;»;(пр);—;14;64;11;22;;;401
1696;Булаткипе;Селезневка;(пр);4;4;;3;3;;;402
1697;Коко (Черновая, Верхн. Черновая);вдхр Бухтарминское;(лв);—;16;&54;23;65;;;403
1698;Кишикоко (Мал. Черновая);Коко;(пр);16;21;17;29;65;;;
1699;Улькенкоко;»;(лв);16;23;165;46;117;;;
1700;Коко;Улькенкоко;»;14;12;34;15;27;;;404
1701;Манат (Нижн. Черновая);вдхр Бухтарминское;(лв);—;40;420;74;10;;;
1702;без названия;Манат;»;9;20;117;19;40;;;
1703;без названия;без названия № 1702;;8;11;;5;14;;;
1704;без названия;То же;(пр);7;11;;21;24;;;
1705;Аюды;Манат;(лв);0,5;28;121;30;71;;;
;Малые притоки вдхр. Бухтарминского;;;;;;228;481;;;
1706;Козловка;вдхр Усть-Каменогорское;(пр);—;17;90;13;38;;;405
1707;Назаров Ключ;Козловка;(пр);6;11;28;7;10;;;
1708;Серебрянка;вдхр Усть-Каменогорское;(пр);—;10;34;7;12;;;406
1709;Пихтовка;То же;(пр);—;16;90;28;46;;;407
1710;без названия;Пихтовка;(лв);6;11;32;8;14;;;
1711;Тульский Ключ;вдхр Усть-Каменогорское;(лв);—;23;178;23;64;;;
1712;Варначий Ключ;кл. Тульский Ключ;(лв);3;13;51;9;20;;;408
1713;Крестовка (Осиповка);вдхр Усть-Каменогорское;;—;25;86;25;31;;;
1714;без названия;Крестовка;(лв);13;12;29;13;16;;;
1715;Таинты (Огневка);вдхр Усть-Каменогорское;(лв);—;60;1000;75;210;1;0.9;409-413
1716;без названия;Таинты;(лв);46;13;66;6;19;;;
1717;Шибынды;Таинты;;38;10;135;—;—;;;
1718;Мал. Шибынды;Шибынды;(пр);10;10;22;3;5;;;
1719;Бол. Шибынды;»;(лв);10;16;78;10;30;;;
1720;Ургунда;Т аинты;»;20;21;74;6;17;;;
1721;Асубулак;»;»;20;10;46;12;30;;;
1722;Таргын (Таргынский);»;»;17;39;272;24;70;;;414.415
1723;Ешкольмес;»;»;10;16;96;8;26;;;
1724;Смолянка;вдхр Усть-Каменогорское;(пр);—;29;196;45;85;;;
1725;без названия;Смолянка;(пр);14;11;39;25;85;;;
1726;Мал. Смолянка;»;(лв);2;18;36;17;18;;;
1727;Гусельничиха;вдхр Усть-Каменогорское;(лв);—;15;113;27;80;;;
1728;Таловая;»;(пр);—;12;52;20;35;;;
1729;Лог. Коробова;»;(лв);—;11;36;3;6;;;416
1730;Феклистовка;»;(пр);—;19;88;16;50;;;417-419
1731;Аблайкетка (Облакетка, Албайкитка);»;(лв);—;26;1680;11;34;5;6.1;420.421
1732;Урунхай (Уранхай, Урунхайка);Аблайкетка;(пр);26;43;215;20;87;;;
1733;Кошонай;Урунхай;(пр);4;17;75;1;6;;;
1734;Сагыр;»;»;4;12;50;7;20;;;
1735;Сибинка (Себинка);Аблайкетка;(лв);26;58;1010;32;100;5;6.1;422.423
1736;Шикубай (Чикубай);Сибинка;(пр);54;12;56;14;36;;;
1737;Талды;Сибинка;»;43;15;61;4;14;;;
1738;без названия;»;»;42;12;39;1;3;;;
1739;Байша (Байча);»;»;39;10;45;5;12;;;
1740;без названия;»;»;34;13;41;2;3;;;
1741;Сарыбулак;»;(лв);32;21;128;3;8;;;
1742;Бердыбай;Сарыбулак;»;8;10;70;7;22;;;
1743;Алибек;Сибинка;»;31;21;126;10;25;;;
1744;без названия;Алибек;»;4;10;53;5;49;;;
1745;Шуртай (Чуртай);Сибинка;(пр);26;12;37;1;4;;;
1746;Байтеке;»;»;13;11;34;5;10;;;
1747;Жельдыозек ;Аблайкетка;»;16;12;72;11;30;;;
;Малые притоки вдхр Усть-Каменогорское;;;;;;53;154;;;
1748;Ульба;Иртыш ;(пр);3076;100;4990;43;150;40;14.9;424-439
1749;Громотуха;Ульба;(лв);100;34;451;44;115;;;439-444
1750;Прав. Громотуха;Громотуха;(пр);34;11;740;8;16;;;445
1751;Поперечная;Прав. Громотуха;»;5;3;2,1;;;;;
1752;Лев. Громотуха;»;(лв);5;11;21;11;24;;;446
1753;Лев. Громотуха;Громотуха;»;34;22;90;23;62;;;447
1754;Снежный Ключ;Лев. Громотуха № 1753;»;11;4;—;—;—;;;
1755;Рыбный Ключ;»;»;6;2,2;—;7;11;;;
1756;Тарасов Ключ;Громотуха;»;28;4,3;8;4;6;;;
1757;Богданиха;»;»;23;7;—;6;9;;;
1758;Тишиха;»;»;19;9,2;38;15;24;;;
1759;Тихая;Ульба;(пр);100;25;681;24;68;1;2.9;-456
1760;Брекса (Филипповка);Тихая;(лв);25;15;79;12;35;;;465
1761;Мартынов Ключ;Брекса;»;6;9;—;4;5;;;
1762;Шубин Ключ;Мартынов Ключ;»;4;5,6;—;3;4;;;
1763;Бол. Таловка;Тихая;(пр);25;11;32;5;11;;;
1764;Мал. Таловка;»;»;22;10;25;4;7;;;-470
1765;Быструха;»;(лв);19;25;124;23;81;;;-473
1766;Копинец (Хариузовка);»;»;18;12;—;1;2;;;477
1767;Журавлиха;»;(пр);17;26;212;37;75;;;479.
1768;без названия;Журавлиха;»;8;16;83;1;8;;;481
1769;Шаравка (Шаровка);Тихая;»;12;13;56;10;27;;;
1770;Луговатая;»;(лв);4;8,2;61;23;28;;;
1771;Кедровка;Ульба;»;92;12;85;20;52;;;
1772;Дурнуха (Дурной);»;»;91;7;19;2;4;;;
1773;Бутачиха;»;(пр);75;25;494;25;68;;;
1774;Черемшанка I;»;»;63;14;67;12;38;;;
1775;Черемшанка II;»;»;56;13;95;13;38;;;
1776;Березовка;»;(лв);48;20;49;9;12;;;
1777;Обдериха;»;»;45;12;32;11;15;;;
1778;Пихтовка;Ульба;(лв);35;33;137;28;61;;;
1779;Бобровка;»;(пр);27;42;373;13;36;;;486
1780;Бобровочка;Бобровка;(лв);19;11;52;7;20;;;
1781;без названия;Бобровочка;(пр);3;10;25;6;7;;;
1782;Толиха;Бобровка;(лв);16;12;37;3;6;;;
1783;Крутиха;»;»;8;23;86;6;16;;;487
1784;Мал. Убьба;Ульба;(лв);25;119;2300;137;313;1;4;488-493
1785;Прав. Ульба;Верх. Ульбинское;;;3.4;5;4;4;;;494
1786;Становой Ключ;Мал. Ульба;(лв);103;12;30;16;20;;;
1787;Коврижная;»;»;96;13;74;19;50;;;
1788;Шагалиха;»;(пр);86;18;73;35;61;;;
1789;Марчиха;»;»;69;22;229;32;72;;;
1790;ручей Медвежий;Марчиха;»;15;10;20;9;9;;;
1791;Черепаниха;»;»;4;14;58;26;50;;;
1792;Мякотиха;Мал. Ульба;(лв);43;68;75;67;105;;;
1793;Широкий;Мякотиха;(пр);49;10;19;4;10;;;
1794;Прямая;»;»;41;11;39;17;35;;;
1795;Мал. Мякотиха;»;(лв);39;14;49;17;28;;;
1796;Бол. Тополевка;»;(пр);38;11;21;4;5;;;
1797;Тополевка;»;»;24;10;41;14;23;;;
1798;Медведка;»;(лв);17;20;243;19;42;;;
1799;Березовка;»;(пр);9;15;93;27;56;;;
1800;Александровка;»;(лв);2;21;66;25;43;;;
1801;Сержиха;Мал. Ульба;(пр);21;37;232;51;112;;;495
1802;Тесная;»;(лв);17;21;88;20;41;;;
1803;Моховка;Ульба;(пр);13;15;71;6;15;;;496.497
1804;Кулаково;»;(лв);9;7.3;32;8;13;;;498
1805;Овечий;»;(пр);8;6,9;25;—;—;;;499
1806;рукав без названия;Иртыш;»;3070;12;—;—;—;;;
1807;Орловка;»;»;3069;10;25;1;1;;;500
1808;Уланка;»;(лв);3060;67;1220;5;13;1;0.05;501
1809;Косбулак;Уланка;(пр);82;13;36;6;13;;;
1810;Жантуру;Уланка;(лв);73;11;71;4;10;;;
1811;Тогай;»;»;71;17;64;8;11;;;
1812;Егенсу;»;(пр);63;13;37;—;—;;;
1813;Жиланды 1 (Жиландинский, Егинсу);»;»;60;20;183;2;2;;;502
1814;Балабайтюре;Жиланды 1;(лв);14;16;38;2;6;;;
1815;Тюре;Балабайтюре;(пр);3;12;45;7;9;;;
1816;Жиланды II;Жиланды 1;(лв);0;11;35;3;2;;;503
1817;Балгабай;Уланка;»;48;13;30;;;;;
1818;Сарыозек;»;(пр);28;21;164;12;23;;;
1819;Уланка;»;»;20;18;97;—;—;;;504
1820;Дресвянка (Канайка);Иртыш;(лв);3052;48;1270;11;33;4;2.7;505
1821;Канайка;Дресвянка;(пр);48;32;462;12;34;1;1;
1822;Сартымбетбулак;Канайка;»;19;18;72;2;5;;;
1823;без названия;»;(лв);11;20;108;4;6;;;
1824;Майбулак;Дресвянка;»;48;20;50;11;40;;;
1825;без названия;Майбулак;(пр);9;11;80;4;14;;;
1826;Майбет;Дресвянка;»;28;14;41;2;4;;;
1827;Куржыра;»;»;21;11;83;—;—;;;
1828;без названия;»;(лв);19;11;84;2;13;;;
1829;Глубочанка;Иртыш;(пр);3042;43;308;38;66;;;
1830;Крутая;»;»;3036;4.6;17;—;—;;;506
1831;Красноярка (Верхн. Березовка);»;»;3026;51;422;16;42;;;507-510
1832;без названия;Красноярка;(пр);19;11;44;7;20;;;
1833;Шумиха;»;»;18;10;60;8;25;;;511
1834;Маячная;»;»;14;12;264;40;115;;;
1835;Зимина;Маячная;(лв);14;12;42;9;21;;;
1836;Нижн. Березовка;Иртыш;(пр);3015;23;132;27;57;;;
1837;Песчанка;»;(лв);3009;23;260;12;42;;;512
1838;Барашевка;»;(пр);3002;24;152;15;37;;;513
1839;Жартас;»;(лв);2994;23;202;—;—;;;514
1840;Женишке;Жартас;(пр);16;15;—;6;19;;;
1841;Курюк (Kvpyк);Иртыш;(лв);2992;33;260;7;36;;;515
1842;Уба;»;(пр);2970;278;9850;342;857;39;1.63;516-534
1843;Белая Уба;Уба;(лв);278;58;806;87;241;11;0.66;535-537
1844;Палевая;Белая Уба;»;39;11;30;3;7;;;
1845;Разливная;»;»;38;11;48;9;20;;;
1846;Васильевка;»;(пр);35;12;44;13;16;;;
1847;Кучиха;»;»;30;14;78;25;40;;;
1848;Бол. Поперечная;»;(лв);27;16;56;12;36;;;
1849;Мал. Поперечная;Бол. Поперечная;»;2;12;18;4;5;;;
1850;Быструха;Белая Уба;»;26;14;83;7;19;;;
1851;Чесноковка;Быструха;(пр);2;12;21;5;15;;;
1852;Сосновая;Белая Уба;»;21;11;42;11;16;;;
1853;Черная Уба;Уба;»;278;70;691;74;208;;;538-542
1854;Каменушка;Черная Уба;»;41;12;58;8;18;;;
1855;Кучиха (Денисова Кучиха);»;(лв);31;8.5;43;13;20;;;543
1856;Ключ Латчиха;»;(пр);28;8;40;1;5;;;544
1857;Лев. Латчиха;Латчиха;(лв);1;10;42;4;6;;;545.546
1858;Бол. Солоновка;Черная Уба;(лв);21;10;48;4;11;;;547.548
1859;Ключ Солоновка;»;»;12;8.2;28;—;—;;;549
1860;Бол. Чесноковка (Чесноковка);Уба;(лв);272;14;141;;17;;;
1861;Мал. Чесноковка;Бол. Чесноковка;(пр);1;13;68;5;15;;;
1862;Кондрашнха;Уба;(лв);254;14;52;18;22;;;
1863;Становая Уба;»;(пр);251;24;717;53;120;;;
1864;Раската;Становая Уба;»;24;14;109;17;58;;;
1865;Бома;»;(лв);24;13;87;17;36;;;
1866;Самануха;»;(пр);12;12;39;9;16;;;
1867;Коровиха;»;»;б;29;295;106;182;;;
1868;Убинка;Коровиха;(лв);14;16;83;33;62;;;
1869;Полыновка;Уба;»;250;11;40;20;30;;;
1870;Пахотная;»;»;214;11;65;31;56;;;
1871;Маралушка;»;(пр);230;22;119;37;65;;;
1872;Сакмариха;»;(лв);211;47;278;88;177;;;
1873;Бол. Карагужиха (Карагужиха);»;»;202;38;304;76;154;;;550
1874;Мал. Карагужиха;Бол. Карагужиха;»;5;16;99;45;64;;;
1875;Белопорожная Уба;Уба;(пр);196;51;590;120;218;2;0.12;551.552
1876;Ерохина Уба;Белопорожная Уба;»;32;11;85;32;57;;;
1877;Татарка;»;»;25;10;51;11;23;;;
1878;Солоновка;»;(лв);13;16;78;20;48;;;
1879;Русачиха;Белопорожная Уба;(пр);2;17;78;25;45;;;553
1880;Опалиха;Уба;»;190;7,1;22;7;11;;;
1881;Бобровка;»;»;178;20;99;10;33;;;
1882;Обдериха;Бобровка;(лв);6;10;138;10;15;;;
1883;Бол. Сухотушка;Уба;(пр);177;12;37;9;19;;;
1884;Бол. Снигириха;Уба;(лв);171;14;71;38;53;;;
1885;Бол. Безымянка;»;(пр);165;16;49;13;20;;;
1886;Бол. Морозиха;в;»;162;19;117;31;68;;;
1887;Лев. Морозиха;Бол. Морозиха;»;3;10;32;20;27;;;
1888;Волчиха;Уба;(лв);157;20;180;31;82;;;554
1889;Прав. Волчиха;Волчиха;(пр);15;12;48;10;25;;;
1890;Осиновка;Уба;(лв);139;17;73;27;50;;;
1891;Мал. Убинка;»;»;128;45;1610;45;124;;;555-558
1892;Прав. Убинка;Мал. Убинка;(пр);45;41;370;69;128;;;559
1893;Бураниха (Вост. Бураниха);Правая Убинка;»;31;12;34;15;30;;;
1894;Киргинчиха;»;»;18;17;83;25;52;;;
1895;Толмачиха;»;»;12;12;65;20;41;;;
1896;Лев. Убинка;Мал. Убинка;(лв);45;52;486;99;204;;;
1897;Светлая;»;»;37;12;56;24;32;;;
1898;Таловка;Лев. Убинка;»;29;14;108;69;106;;;
1899;Ключ Орловка;»;»;15;6.4;28;7;10;;;560
1900;Топкуша;Мал. Убинка;»;40;11;94;27;53;;;
1901;Быструха;»;»;35;14;83;15;23;;;
1902;Секисовка;Мал. Убинка;(лв);24;22;182;19;65;;;
1903;Церковка;Секисовка;»;15;13;55;9;17;;;
1904;Кривуша;Мал. Убинка;(пр);23;18;143;17;27;;;
1905;Шарапиха;Кривуша;(лв);12;10;—;22;50;;;
1906;Козловка;Мал. Убинка;»;23;13;40;12;25;;;
1907;Маралиха;Уба;»;117;15;148;13;22;;;
1908;Козлова (Лосиха);Маралиха;»;5;13;106;5;17;;;
1909;Тютюнькова;Козлова;(пр);5;11;—;10;30;;;
1910;без названия;Уба;(лв);116;14;51;10;28;;;
1911;Большая Речка;Уба;(пр);102;22;301;13;44;;;561
1912;Березовка;Большая речка;(лв);20;12;70;10;13;;;
1913;Перекличная;Березовка;(пр);2;11;40;5;7;;;
1914;Песьянка (Колпаковка);Большая Речка;»;15;13;44;7;10;;;
1915;Поперечная;»;»;14;12;38;16;24;;;
1916;без названия;Большая Речка;(лв);8;14;72;16;34;;;
1917;Первая Маралиха;оз. Слепцовое;;—;10;63;2;6;;;
1918;Вторая Маралиха;Первая Маралиха;(пр);1;12;41;6,;15;;;
1919;без названия;Уба;»;96;10;36;5;11;;;
1920;Выдриха;»;(лв);88;20;93;24;44;;;
1921;Березовка;»;(пр);80;20;108;18;33;;;
1922;Медведиха 1-я;»;»;76;16;58;9;16;;;562
1923;Медведиха 2-я;Медведиха 1-я;(лв);7;12;35;5;11;;;
1924;Межовка;Уба;»;73;8,1;37;1;3;;;563
1925;Березовка;»;(пр);65;22;88;15;37;;;564
1926;Шемонаиха;»;»;64;10;220;3;14;;;565
1927;Средняя (Ветлужка);Шемонаиха;(лв);10;11;—;7;20;;;
1928;Поперевка (Поперечная);»;(пр);4;20;106;14;40;;;
1929;Таловка;Уба;(лв);54;51;336;30;104;;;
1930;Ключевка;Таловка;(лв);39;10;18;1;3;;;
1931;Феденевка;»;»;26;11;25;3;6;;;
1932;Кулебачиха;»;»;24;12;29;2;9;;;
1933;Рулевка;»;»;21;10;28;3;4;;;
1934;Вавилонка;Уба;(пр);43;25;329;21;47;;;
1935;Золотуха;Вавилонка;»;5;18;—;9;38;;;
1936;без названия;Уба;»;38;12;56;2;7;;;
1937;Кокориха;Уба;(лв);21;15;66;5;15;;;
1938;Грачевка;»;»;17;19;122;17;27;;;
1939;Ковалевка (Карасу, Светлый Ключ);Иртыш;»;2965;48;377;4;9;;;566.567
1940;Курпа;Ковалевка;»;14;18;87;—;—;;;
1941;Осиха;Иртыш;(пр);2944;7,0;148;—;—;;;
1942;Бол. Осиха;Осиха;»;7;19;91;2;6;;;
1943;Мал. Осиха;»;(лв);7;10;36;—;—;;;
1944;Кызылсу;Иртыш;»;2938;185;3280;51;172;2;1.1;568-574
1945;Актасты;Кызылсу;(пр);158;12;40;7;14;;;
1946;Жантас;»;(лв);135;11;40;4;12;;;575
1947;Шийли (Чили);»;(пр);123;13;62;4;8;;;
1948;Алайгыр;»;»;91;16;110;4;8;;;
1949;Жара-Кара (Карабуга, Кара-Куга);»;»;83;16;94;1;8;;;576
1950;Черень;»;»;77;15;104;—;—;;;
1951;Жангызагаш;»;»;70;16;104;—;—;;;
1952;Куелы;»;»;64;29;434;5;16;;;
1953;Тугулька;Куелы;»;26;17;63;2;8;;;
1954;Серго;»;(лв);21;18;109;2;5;;;
1955;без названия;»;(пр);14;11;65;1;10;;;
1956;Караозек;Кызылсу;»;58;14;81;2;10;;;
1957;Еспе (Эспе);»;(лв);52;23;392;—;—;;;
1958;без названия;Еспе;(пр);7;13;—;__;—;;;
1959;Муддыбулак;Кызылсу;»;50;16;89;1;1;;;
1960;без названия;»;(лв);10;13;224;2;8;;;
1961;Шульбинка;Иртыш;(пр);2923;31;430;4;10;;;577.578
1962;Лев. Шульбинка;Шульбинка;(лв);31;13;72;14;34;;;
1963;Прав. Шульбинка;»;(пр);31;10;81;9;20;;;
1964;без названия;»;(лв);30;13;71;4;6;;;
1965;Боровьянка;Шульбинка;(пр);9;14;89;—;—;;;
1966;Жерновка;оз. Казенное;—;—;14;161;9;25;;;
1967;без названия;Жерновка;(пр);7;13;88;11;27;;;
1968;Кочковатая;оз. Ворга;—;—;10;46;8;15;;;
1969;Чар;Иртыш;(лв);2900;259;14900;33;64;41;45,3;579-599
1970;Ашылы;Чар;»;260;10;124;18;58;;;
1971;без названия;»;(пр);241;20;161;23;61;;;
1972;Балажол;без названия № 1971;(лв);7;12;—;2;5;;;
1973;Тузащи;»;(пр);2;11;25;5;6;;;
1974;Аганакты;Чар;»;236;58;982;66;163;2;0,42;
1975;Опан;Аганакты;(лв);39;16;74;17;40;;;
1976;без названия;»;»;23;13;39;13;23;;;
1977;Былкылдак;»;(пр);17;42;524;24;62;;;
1978;без названия;Былкылдак;»;32;11;—;7;14;;;
1979;Кожабулак;»;(лв);23;18;72;15;28;;;
1980;Карамурза;»;(пр);19;15;97;13;43;;;
1981;Мамкин-Ключ;»;»;14;16;70;10;25;;;
1982;Батпакбулак;»;»;6;15;55;5;11;;;590
1983;Даубай;Чар;(лв);223;32;316;40;90;;;
1984;Узунбулак;Даубай;»;11;18;86;5;16;;;
1985;Ержанка (Уржанка);Чар;(пр);217;23;63;12;26;;;591
1986;без названия;»;(лв);207;13;177;2;5;;;
1987;Букуй (Боко);Чар;(лв);172;44;326;9;30;;;
1988;без названия;Букуй;(пр);35;14;88;—;—;;;
1989;без названия;Чар;»;169;15;—;—;—;;;
1990;протока Коныма;»;»;151;30;—;—;—;;;592
1991;Жаныма (Жаната);протока Конымы;»;8;70;816;16;55;;;593—595
1992;Токпак;Жаныма;(лв);49;19;103;12;34;;;596
1993;Узунгулач;Токпак;»;2;8,1;17;1;2;;;597
1994;Ортабулак;Жаныма;(пр);32;15;75;5;16;;;
1995;Боршебулак;»;»;32;11;37;1;3;;;
1996;Каинды;»;»;19;26;167;1;2;;;598
1997;Каракожа;Каинды;»;4;12;41;—;—;;;
1998;Ярлы;Чар;»;145;32;209;6;22;;;599
1999;Жалыбулак;теряется;;—;3,2;—;—;—;;;600
2000;без названия;Чар;(лв);137;11;—;—;—;;;
2001;Шолакбулак;»;(пр);137;13;49;1;4;;;
2002;Гнилой;теряется;;—;4,7;24;—;—;;;601
2003;без названия;Чар;»;110;14;84;—;—;;;
2004;Карасу;»;(лв);66;16;—;—;—;;;
2005;Каргомбай;»;»;61;46;741;6;26;;;
2006;Жарма;теряется;;—;100;2240;—;—;10;12,9;602
2007;Карагаш (Карагач);»;»;—;13;75;10;24;;;
2008;Сынтас (Сыныктас);Жарма;(лв);88;25;83;7;14;;;
2009;без названия;Сынтас;»;5;19;—;4;12;;;
2010;без названия;Жарма;(пр);78;13;42;—;—;;;
2011;Нарбота;»;(лв);68;19;121;4;18;;;
2012;без названия;»;»;66;22;129;4;15;;;
2013;Терсайрык;»;(пр);36;60;571;25;87;;;
2014;Танды;теряется;;—;52;826;9;19;;;
2015;Женишке;Танды;(лв);19;41;444;2;5;;;
2016;Саргамыс;теряется;;—;19;912;—;—;;;
2017;Кибаревка;оз. Дикое;;—;5,0;—;—;—;;;603
2018;Пашенная;Иртыш;(пр);2885;4,1;—;—;—;;;601
2019;Поперечная;»;»;2882;3,2;—;—;—;;;605
2020;Каштак;»;»;2878;1,5;—;—;—;;;600
2021;Дальбабинка;»;»;2875;3,0;—;—;—;;;607
2022;Ашорбулак;»;»;2872;3,5;—;—;—;;;606
2023;Кочубинка;»;»;2868;3,0;—;—;—;;;606
2024;Бол. Актюбе;»;»;2862;7,0;—;—;—;;;610
